# Host: 127.0.0.1  (Version: 5.6.22)
# Date: 2017-08-24 19:41:01
# Generator: MySQL-Front 5.3  (Build 4.214)

/*!40101 SET NAMES utf8 */;

#
# Structure for table "cgform_button"
#

DROP TABLE IF EXISTS `cgform_button`;
CREATE TABLE `cgform_button` (
  `ID` varchar(32) NOT NULL,
  `BUTTON_CODE` varchar(50) DEFAULT NULL,
  `button_icon` varchar(20) DEFAULT NULL,
  `BUTTON_NAME` varchar(50) DEFAULT NULL,
  `BUTTON_STATUS` varchar(2) DEFAULT NULL,
  `BUTTON_STYLE` varchar(20) DEFAULT NULL,
  `EXP` varchar(255) DEFAULT NULL,
  `FORM_ID` varchar(32) DEFAULT NULL,
  `OPT_TYPE` varchar(20) DEFAULT NULL,
  `order_num` int(11) DEFAULT NULL,
  PRIMARY KEY (`ID`)
) ENGINE=InnoDB DEFAULT CHARSET=utf8;

#
# Data for table "cgform_button"
#


#
# Structure for table "cgform_button_sql"
#

DROP TABLE IF EXISTS `cgform_button_sql`;
CREATE TABLE `cgform_button_sql` (
  `ID` varchar(32) NOT NULL,
  `BUTTON_CODE` varchar(50) DEFAULT NULL,
  `CGB_SQL` tinyblob,
  `CGB_SQL_NAME` varchar(50) DEFAULT NULL,
  `CONTENT` longtext,
  `FORM_ID` varchar(32) DEFAULT NULL,
  PRIMARY KEY (`ID`)
) ENGINE=InnoDB DEFAULT CHARSET=utf8;

#
# Data for table "cgform_button_sql"
#


#
# Structure for table "cgform_category"
#

DROP TABLE IF EXISTS `cgform_category`;
CREATE TABLE `cgform_category` (
  `ID` varchar(32) NOT NULL,
  `category_code` varchar(32) DEFAULT NULL,
  `cgform_id` varchar(32) DEFAULT NULL,
  PRIMARY KEY (`ID`)
) ENGINE=InnoDB DEFAULT CHARSET=utf8;

#
# Data for table "cgform_category"
#


#
# Structure for table "cgform_enhance_js"
#

DROP TABLE IF EXISTS `cgform_enhance_js`;
CREATE TABLE `cgform_enhance_js` (
  `ID` varchar(32) NOT NULL,
  `CG_JS` blob,
  `CG_JS_TYPE` varchar(20) DEFAULT NULL,
  `CONTENT` longtext,
  `FORM_ID` varchar(32) DEFAULT NULL,
  PRIMARY KEY (`ID`)
) ENGINE=InnoDB DEFAULT CHARSET=utf8;

#
# Data for table "cgform_enhance_js"
#


#
# Structure for table "cgform_field"
#

DROP TABLE IF EXISTS `cgform_field`;
CREATE TABLE `cgform_field` (
  `id` varchar(32) NOT NULL,
  `content` varchar(200) NOT NULL,
  `create_by` varchar(255) DEFAULT NULL,
  `create_date` datetime DEFAULT NULL,
  `create_name` varchar(32) DEFAULT NULL,
  `dict_field` varchar(100) DEFAULT NULL,
  `dict_table` varchar(100) DEFAULT NULL,
  `dict_text` varchar(100) DEFAULT NULL,
  `field_default` varchar(20) DEFAULT NULL,
  `field_href` varchar(200) DEFAULT NULL,
  `field_length` int(11) DEFAULT NULL,
  `field_name` varchar(32) NOT NULL,
  `field_valid_type` varchar(10) DEFAULT NULL,
  `is_key` varchar(2) DEFAULT NULL,
  `is_null` varchar(5) DEFAULT NULL,
  `is_query` varchar(5) DEFAULT NULL,
  `is_show` varchar(5) DEFAULT NULL,
  `is_show_list` varchar(5) DEFAULT NULL,
  `length` int(11) NOT NULL,
  `main_field` varchar(100) DEFAULT NULL,
  `main_table` varchar(100) DEFAULT NULL,
  `old_field_name` varchar(32) DEFAULT NULL,
  `order_num` int(11) DEFAULT NULL,
  `point_length` int(11) DEFAULT NULL,
  `query_mode` varchar(10) DEFAULT NULL,
  `show_type` varchar(10) DEFAULT NULL,
  `type` varchar(32) NOT NULL,
  `update_by` varchar(32) DEFAULT NULL,
  `update_date` datetime DEFAULT NULL,
  `update_name` varchar(32) DEFAULT NULL,
  `table_id` varchar(32) NOT NULL,
  PRIMARY KEY (`id`)
) ENGINE=InnoDB DEFAULT CHARSET=utf8;

#
# Data for table "cgform_field"
#

INSERT INTO `cgform_field` VALUES ('40283f824d840865014d840905020132','主键','admin','2015-05-24 11:48:13','管理员','','',NULL,NULL,NULL,0,'id',NULL,'Y','N','N','N','N',36,'','',NULL,0,0,'single','text','string',NULL,NULL,NULL,'40283f824d840865014d840904f3012d'),('40283f824d840865014d840905060133','订单号','admin','2015-05-24 11:48:13','管理员','','',NULL,NULL,NULL,0,'order_code',NULL,'N','Y','Y','Y','Y',50,'','',NULL,1,0,'single','text','string',NULL,NULL,NULL,'40283f824d840865014d840904f3012d'),('40283f824d840865014d840905080134','订单日期','admin','2015-05-24 11:48:13','管理员','','',NULL,NULL,NULL,0,'order_date',NULL,'N','Y','Y','Y','Y',20,'','',NULL,2,0,'single','date','Date',NULL,NULL,NULL,'40283f824d840865014d840904f3012d'),('40283f824d840865014d840905090135','订单金额','admin','2015-05-24 11:48:13','管理员','','',NULL,NULL,NULL,0,'order_money',NULL,'N','Y','Y','Y','Y',10,'','',NULL,3,3,'single','text','double',NULL,NULL,NULL,'40283f824d840865014d840904f3012d'),('40283f824d840865014d8409050b0136','备注','admin','2015-05-24 11:48:13','管理员','','',NULL,NULL,NULL,0,'content',NULL,'N','Y','Y','Y','Y',255,'','',NULL,4,0,'single','text','string',NULL,NULL,NULL,'40283f824d840865014d840904f3012d'),('40283f824d840865014d840905120137','主键','admin','2015-05-24 11:48:13','管理员','','',NULL,NULL,NULL,0,'id',NULL,'Y','N','N','N','N',36,'','',NULL,0,0,'single','text','string',NULL,NULL,NULL,'40283f824d840865014d840904f7012e'),('40283f824d840865014d840905130138','请假标题','admin','2015-05-24 11:48:13','管理员','','',NULL,NULL,NULL,0,'title',NULL,'N','N','N','Y','Y',50,'','',NULL,1,0,'single','text','string',NULL,NULL,NULL,'40283f824d840865014d840904f7012e'),('40283f824d840865014d840905150139','请假人','admin','2015-05-24 11:48:13','管理员','','',NULL,NULL,NULL,0,'people',NULL,'N','N','Y','Y','Y',20,'','',NULL,2,0,'single','text','string',NULL,NULL,NULL,'40283f824d840865014d840904f7012e'),('40283f824d840865014d84090516013a','性别','admin','2015-05-24 11:48:13','管理员','sex','',NULL,NULL,NULL,0,'sex',NULL,'N','N','Y','Y','Y',10,'','',NULL,3,0,'single','list','string',NULL,NULL,NULL,'40283f824d840865014d840904f7012e'),('40283f824d840865014d84090518013b','请假开始时间','admin','2015-05-24 11:48:13','管理员','','',NULL,NULL,NULL,0,'begindate',NULL,'N','N','N','Y','Y',0,'','',NULL,4,0,'group','date','Date',NULL,NULL,NULL,'40283f824d840865014d840904f7012e'),('40283f824d840865014d84090519013c','请假结束时间','admin','2015-05-24 11:48:13','管理员','','',NULL,NULL,NULL,0,'enddate',NULL,'N','N','N','Y','Y',0,'','',NULL,5,0,'group','datetime','Date',NULL,NULL,NULL,'40283f824d840865014d840904f7012e'),('40283f824d840865014d8409051b013d','所属部门','admin','2015-05-24 11:48:13','管理员','id','t_s_depart','departname',NULL,NULL,0,'hol_dept',NULL,'N','N','N','Y','Y',32,'','',NULL,7,0,'single','list','string',NULL,NULL,NULL,'40283f824d840865014d840904f7012e'),('40283f824d840865014d8409051c013e','请假原因','admin','2015-05-24 11:48:13','管理员','','',NULL,NULL,NULL,0,'hol_reson',NULL,'N','N','N','Y','Y',255,'','',NULL,8,0,'single','text','string',NULL,NULL,NULL,'40283f824d840865014d840904f7012e'),('40283f824d840865014d8409051d013f','部门审批人','admin','2015-05-24 11:48:13','管理员','','',NULL,NULL,NULL,0,'dep_leader',NULL,'N','N','N','Y','Y',20,'','',NULL,9,0,'single','text','string',NULL,NULL,NULL,'40283f824d840865014d840904f7012e'),('40283f824d840865014d8409051f0140','部门审批意见','admin','2015-05-24 11:48:13','管理员','','',NULL,NULL,NULL,0,'content',NULL,'N','N','N','Y','Y',255,'','',NULL,10,0,'single','text','string',NULL,NULL,NULL,'40283f824d840865014d840904f7012e'),('40283f824d840865014d840905210141','请假天数','admin','2015-05-24 11:48:13','管理员','','',NULL,NULL,NULL,120,'day_num',NULL,'N','Y','N','Y','Y',10,'','',NULL,6,0,'single','text','int',NULL,NULL,NULL,'40283f824d840865014d840904f7012e'),('40283f824d840865014d840905290142','主键','admin','2015-05-24 11:48:13','管理员','','',NULL,NULL,NULL,0,'id',NULL,'Y','N','N','N','N',36,'','',NULL,0,0,'single','text','string',NULL,NULL,NULL,'40283f824d840865014d840904f8012f'),('40283f824d840865014d8409052b0143','客户名','admin','2015-05-24 11:48:13','管理员','','',NULL,NULL,NULL,0,'name',NULL,'N','Y','Y','Y','Y',32,'','',NULL,1,0,'single','text','string',NULL,NULL,NULL,'40283f824d840865014d840904f8012f'),('40283f824d840865014d8409052c0144','单价','admin','2015-05-24 11:48:13','管理员','','',NULL,NULL,NULL,0,'money',NULL,'N','Y','Y','Y','Y',10,'','',NULL,2,2,'group','text','double',NULL,NULL,NULL,'40283f824d840865014d840904f8012f'),('40283f824d840865014d8409052e0145','外键','admin','2015-05-24 11:48:13','管理员','','',NULL,NULL,NULL,120,'fk_id',NULL,'N','N','Y','N','N',36,'id','jform_order_main',NULL,5,0,'single','text','string',NULL,NULL,NULL,'40283f824d840865014d840904f8012f'),('40283f824d840865014d8409052f0146','电话','admin','2015-05-24 11:48:13','管理员','','',NULL,NULL,NULL,120,'telphone',NULL,'N','Y','Y','Y','Y',32,'','',NULL,4,0,'single','text','string',NULL,NULL,NULL,'40283f824d840865014d840904f8012f'),('40283f824d840865014d840905310147','性别','admin','2015-05-24 11:48:13','管理员','sex','',NULL,NULL,NULL,120,'sex',NULL,'N','Y','Y','Y','Y',4,'','',NULL,3,0,'single','radio','string',NULL,NULL,NULL,'40283f824d840865014d840904f8012f'),('40283f824d840865014d840905340148','主键','admin','2015-05-24 11:48:13','管理员','','',NULL,NULL,NULL,120,'id',NULL,'Y','N','N','N','N',36,'','',NULL,0,0,'single','checkbox','string',NULL,NULL,NULL,'40283f824d840865014d840904fa0130'),('40283f824d840865014d840905360149','航班号','admin','2015-05-24 11:48:13','管理员','','',NULL,NULL,NULL,120,'ticket_code',NULL,'N','N','Y','Y','Y',100,'','',NULL,1,0,'single','text','string',NULL,NULL,NULL,'40283f824d840865014d840904fa0130'),('40283f824d840865014d84090537014a','航班时间','admin','2015-05-24 11:48:13','管理员','','',NULL,NULL,NULL,120,'tickect_date',NULL,'N','N','Y','Y','Y',10,'','',NULL,2,0,'single','datetime','Date',NULL,NULL,NULL,'40283f824d840865014d840904fa0130'),('40283f824d840865014d84090539014b','外键','admin','2015-05-24 11:48:13','管理员','','',NULL,NULL,NULL,120,'fck_id',NULL,'N','N','N','N','N',36,'id','jform_order_main',NULL,3,0,'single','text','string',NULL,NULL,NULL,'40283f824d840865014d840904fa0130'),('40283f824d840865014d8409053c014c','主键','admin','2015-05-24 11:48:13','管理员','','',NULL,NULL,NULL,0,'id',NULL,'Y','N','N','N','N',36,'','',NULL,0,0,'single','text','string',NULL,NULL,NULL,'40283f824d840865014d840904fb0131'),('40283f824d840865014d8409053e014d','机构合计','admin','2015-05-24 11:48:13','管理员','','',NULL,NULL,NULL,0,'a',NULL,'N','N','Y','Y','Y',10,'','',NULL,1,2,'group','text','double',NULL,NULL,NULL,'40283f824d840865014d840904fb0131'),('40283f824d840865014d84090540014e','行政小计','admin','2015-05-24 11:48:13','管理员','','',NULL,NULL,NULL,0,'b1',NULL,'N','N','N','Y','Y',10,'','',NULL,2,2,'group','text','double',NULL,NULL,NULL,'40283f824d840865014d840904fb0131'),('40283f824d840865014d84090542014f','行政省','admin','2015-05-24 11:48:13','管理员','','',NULL,NULL,NULL,0,'b11',NULL,'N','N','N','Y','Y',100,'','',NULL,3,0,'group','text','string',NULL,NULL,NULL,'40283f824d840865014d840904fb0131'),('40283f824d840865014d840905430150','行政市','admin','2015-05-24 11:48:13','管理员','','',NULL,NULL,NULL,0,'b12',NULL,'N','N','N','Y','Y',100,'','',NULL,4,0,'group','text','string',NULL,NULL,NULL,'40283f824d840865014d840904fb0131'),('40283f824d840865014d840905450151','行政县','admin','2015-05-24 11:48:13','管理员','','',NULL,NULL,NULL,0,'b13',NULL,'N','N','N','Y','Y',100,'','',NULL,5,0,'single','text','string',NULL,NULL,NULL,'40283f824d840865014d840904fb0131'),('40283f824d840865014d840905470152','事业合计','admin','2015-05-24 11:48:13','管理员','','',NULL,NULL,NULL,0,'b2',NULL,'N','N','N','Y','Y',10,'','',NULL,6,2,'single','text','double',NULL,NULL,NULL,'40283f824d840865014d840904fb0131'),('40283f824d840865014d840905490153','参公小计','admin','2015-05-24 11:48:13','管理员','','',NULL,NULL,NULL,0,'b3',NULL,'N','N','N','Y','Y',10,'','',NULL,7,2,'single','text','double',NULL,NULL,NULL,'40283f824d840865014d840904fb0131'),('40283f824d840865014d8409054a0154','参公省','admin','2015-05-24 11:48:13','管理员','','',NULL,NULL,NULL,0,'b31',NULL,'N','N','N','Y','Y',100,'','',NULL,8,0,'single','text','string',NULL,NULL,NULL,'40283f824d840865014d840904fb0131'),('40283f824d840865014d8409054c0155','参公市','admin','2015-05-24 11:48:13','管理员','','',NULL,NULL,NULL,0,'b32',NULL,'N','N','N','Y','Y',100,'','',NULL,9,0,'single','text','string',NULL,NULL,NULL,'40283f824d840865014d840904fb0131'),('40283f824d840865014d8409054e0156','参公县','admin','2015-05-24 11:48:13','管理员','','',NULL,NULL,NULL,0,'b33',NULL,'N','N','N','Y','Y',100,'','',NULL,10,0,'single','text','string',NULL,NULL,NULL,'40283f824d840865014d840904fb0131'),('40283f824d840865014d8409054f0157','全额拨款','admin','2015-05-24 11:48:13','管理员','','',NULL,NULL,NULL,0,'c1',NULL,'N','N','N','Y','Y',10,'','',NULL,11,2,'single','text','double',NULL,NULL,NULL,'40283f824d840865014d840904fb0131'),('40283f824d840865014d840905510158','差额拨款','admin','2015-05-24 11:48:13','管理员','','',NULL,NULL,NULL,0,'c2',NULL,'N','N','N','Y','Y',10,'','',NULL,12,2,'single','text','double',NULL,NULL,NULL,'40283f824d840865014d840904fb0131'),('40283f824d840865014d840905530159','自收自支','admin','2015-05-24 11:48:13','管理员','','',NULL,NULL,NULL,0,'c3',NULL,'N','N','N','Y','Y',10,'','',NULL,13,2,'single','text','double',NULL,NULL,NULL,'40283f824d840865014d840904fb0131'),('40283f824d840865014d84090555015a','经费合计','admin','2015-05-24 11:48:13','管理员','','',NULL,NULL,NULL,0,'d',NULL,'N','N','Y','Y','Y',10,'','',NULL,14,2,'single','text','int',NULL,NULL,NULL,'40283f824d840865014d840904fb0131'),('40283f824d840865014d84090556015b','机构资质','admin','2015-05-24 11:48:13','管理员','','',NULL,NULL,NULL,0,'d1',NULL,'N','N','N','Y','Y',1000,'','',NULL,15,0,'single','text','string',NULL,NULL,NULL,'40283f824d840865014d840904fb0131');

#
# Structure for table "cgform_ftl"
#

DROP TABLE IF EXISTS `cgform_ftl`;
CREATE TABLE `cgform_ftl` (
  `ID` varchar(32) NOT NULL,
  `CGFORM_ID` varchar(36) NOT NULL,
  `CGFORM_NAME` varchar(100) NOT NULL,
  `CREATE_BY` varchar(36) DEFAULT NULL,
  `CREATE_DATE` datetime DEFAULT NULL,
  `CREATE_NAME` varchar(32) DEFAULT NULL,
  `FTL_CONTENT` longtext,
  `FTL_STATUS` varchar(50) DEFAULT NULL,
  `FTL_VERSION` int(11) NOT NULL,
  `FTL_WORD_URL` varchar(200) DEFAULT NULL,
  `UPDATE_BY` varchar(36) DEFAULT NULL,
  `UPDATE_DATE` datetime DEFAULT NULL,
  `UPDATE_NAME` varchar(32) DEFAULT NULL,
  PRIMARY KEY (`ID`)
) ENGINE=InnoDB DEFAULT CHARSET=utf8;

#
# Data for table "cgform_ftl"
#


#
# Structure for table "cgform_head"
#

DROP TABLE IF EXISTS `cgform_head`;
CREATE TABLE `cgform_head` (
  `id` varchar(32) NOT NULL,
  `content` varchar(200) NOT NULL,
  `create_by` varchar(32) DEFAULT NULL,
  `create_date` datetime DEFAULT NULL,
  `create_name` varchar(32) DEFAULT NULL,
  `is_checkbox` varchar(5) NOT NULL,
  `is_dbsynch` varchar(20) NOT NULL,
  `is_pagination` varchar(5) NOT NULL,
  `is_tree` varchar(5) NOT NULL,
  `jform_pk_sequence` varchar(200) DEFAULT NULL,
  `jform_pk_type` varchar(100) DEFAULT NULL,
  `jform_type` int(11) NOT NULL,
  `jform_version` varchar(10) NOT NULL,
  `querymode` varchar(10) NOT NULL,
  `relation_type` int(11) DEFAULT NULL,
  `sub_table_str` longtext,
  `tab_order` int(11) DEFAULT NULL,
  `table_name` varchar(20) NOT NULL,
  `update_by` varchar(32) DEFAULT NULL,
  `update_date` datetime DEFAULT NULL,
  `update_name` varchar(32) DEFAULT NULL,
  PRIMARY KEY (`id`)
) ENGINE=InnoDB DEFAULT CHARSET=utf8;

#
# Data for table "cgform_head"
#

INSERT INTO `cgform_head` VALUES ('40283f824d840865014d840904f3012d','订单主信息','admin','2015-05-24 11:48:13','管理员','N','N','Y','N',NULL,'UUID',2,'58','group',0,'jform_order_ticket,jform_order_customer',NULL,'jform_order_main','admin','2015-07-19 15:31:36','管理员'),('40283f824d840865014d840904f7012e','请假单','admin','2015-05-24 11:48:13','管理员','N','N','Y','N',NULL,'UUID',1,'51','group',0,NULL,NULL,'jform_leave',NULL,NULL,NULL),('40283f824d840865014d840904f8012f','订单客户信息','admin','2015-05-24 11:48:13','管理员','Y','N','Y','N',NULL,'UUID',3,'16','single',0,NULL,NULL,'jform_order_customer',NULL,NULL,NULL),('40283f824d840865014d840904fa0130','订单机票信息','admin','2015-05-24 11:48:13','管理员','N','Y','Y','N',NULL,'UUID',3,'20','single',0,NULL,NULL,'jform_order_ticket','admin','2015-07-19 15:31:36','管理员'),('40283f824d840865014d840904fb0131','价格认证机构统计表','admin','2015-05-24 11:48:13','管理员','N','N','Y','N',NULL,'UUID',1,'3','group',0,NULL,NULL,'jform_price1',NULL,NULL,NULL);

#
# Structure for table "channel"
#

DROP TABLE IF EXISTS `channel`;
CREATE TABLE `channel` (
  `Id` varchar(32) NOT NULL DEFAULT '',
  `chan_id` varchar(20) NOT NULL DEFAULT '' COMMENT '通道编号',
  `chan_name` varchar(100) DEFAULT NULL COMMENT '通道名称',
  `office_id` varchar(30) DEFAULT NULL COMMENT '手术室',
  `OMC` varchar(50) DEFAULT NULL,
  `IP` varchar(20) DEFAULT NULL COMMENT 'IP地址',
  `PORT` int(4) DEFAULT NULL COMMENT '端口',
  `USER` varchar(20) DEFAULT NULL COMMENT '登录用户',
  `PASS` varchar(32) DEFAULT NULL COMMENT '登录密码',
  `NVRIP` varchar(20) DEFAULT NULL COMMENT '存储IP',
  `type` varchar(20) DEFAULT NULL,
  `status` varchar(1) DEFAULT NULL,
  `CPK` varchar(32) NOT NULL DEFAULT '',
  PRIMARY KEY (`CPK`)
) ENGINE=InnoDB DEFAULT CHARSET=utf8;

#
# Data for table "channel"
#

INSERT INTO `channel` VALUES ('4','03','22','00','01','192.168.1.112',8000,'admin','88069788','127.0.0.1','ops_room','0','00'),('1','01','1通道','00','01','192.168.1.229',8000,'admin','88069788','127.0.0.1','ops_room','0','01'),('3','03','1233','00','01','192.168.1.229',8000,'admin','88069788','127.0.0.1','ops_room','0','02'),('2','02','2通道','00','01','192.168.1.229',8000,'admin','88069788','127.0.0.1','ops_room','0','03'),('9','04','4eee','001','HD终端','192.168.1.112',8000,'admin','a1234567','2','ops_room','0','06'),('11','05','3111','001','HD终端','192.168.1.112',8000,'admin','a1234567','1271.0.0.11','ops_room','1','07'),('5','01','1通道n','00','01','192.168.1.64',8000,'admin','lhmh9788','127.0.0.1','ops_room','1','21'),('6','03','1233n','00','01','192.168.1.64',8000,'admin','lhmh9788','127.0.0.1','ops_room1','1','22'),('7','02','2通道n','00','01','192.168.1.64',8000,'admin','lhmh9788','127.0.0.1','ops_room1','1','23'),('8','04','22n','00','04','192.168.1.11',8000,'admin','lhmh9788','127.0.0.1','ops_room1','1','24'),('8a8a8b8b5040fc98015040fd9cc50001','1','1','00','1,1','1',1,'1','1','1','ops_room','1','25');

#
# Structure for table "ck_editor"
#

DROP TABLE IF EXISTS `ck_editor`;
CREATE TABLE `ck_editor` (
  `ID` varchar(32) NOT NULL,
  `CONTENTS` blob,
  PRIMARY KEY (`ID`)
) ENGINE=InnoDB DEFAULT CHARSET=utf8;

#
# Data for table "ck_editor"
#

INSERT INTO `ck_editor` VALUES ('40283f824d840865014d840904f0012c',X'3C68746D6C3E3C686561643E3C7469746C653E3C2F7469746C653E3C6C696E6B20687265663D27706C75672D696E2F6561737975692F7468656D65732F64656661756C742F6561737975692E637373272069643D276561737975695468656D65272072656C3D277374796C6573686565742720747970653D27746578742F63737327202F3E3C6C696E6B20687265663D27706C75672D696E2F6561737975692F7468656D65732F69636F6E2E637373272072656C3D277374796C6573686565742720747970653D27746578742F63737327202F3E3C6C696E6B20687265663D27706C75672D696E2F6163636F7264696F6E2F6373732F6163636F7264696F6E2E637373272072656C3D277374796C6573686565742720747970653D27746578742F63737327202F3E3C6C696E6B20687265663D27706C75672D696E2F56616C6964666F726D2F6373732F7374796C652E637373272072656C3D277374796C6573686565742720747970653D27746578742F63737327202F3E3C6C696E6B20687265663D27706C75672D696E2F56616C6964666F726D2F6373732F7461626C6566726F6D2E637373272072656C3D277374796C6573686565742720747970653D27746578742F63737327202F3E3C7374796C6520747970653D27746578742F637373273E626F64797B666F6E742D73697A653A313270783B7D7461626C65207B626F726465723A31707820736F6C696420233030303030303B626F726465722D636F6C6C617073653A20636F6C6C617073653B7D7464207B626F726465723A31707820736F6C696420233030303030303B6261636B67726F756E643A77686974653B666F6E742D73697A653A313270783B666F6E742D66616D696C793A20D0C2CBCECCE53B636F6C6F723A20233333333B3C2F7374796C653E3C2F686561643E3C626F64793E3C6469763E3C703EB8BDBCFE32A3BA3C2F703E3C6831207374796C653D27746578742D616C69676E3A63656E746572273E3C7370616E207374796C653D27666F6E742D73697A653A32347078273E3C7374726F6E673EBCDBB8F1C8CFD6A4C8CBD4B1CDB3BCC6B1ED3C2F7374726F6E673E3C2F7370616E3E3C2F68313E3C703ECCEEB1A8B5A5CEBBA3A8B8C7D5C2A3A9A3BA3C696E707574206E616D653D276F72675F6E616D652720747970653D2774657874272076616C75653D27247B6F72675F6E616D653F69665F6578697374733F68746D6C7D27202F3E3C2F703E3C703EB5A5CEBBB4FAC2EBBAC5A3BA3C696E707574206E616D653D276E756D2720747970653D2774657874272076616C75653D27247B6E756D3F69665F6578697374733F68746D6C7D27202F3E20266E6273703B266E6273703B266E6273703B266E6273703B266E6273703B266E6273703B266E6273703B266E6273703B266E6273703B266E6273703B266E6273703B266E6273703B266E6273703B266E6273703B266E6273703B266E6273703B266E6273703B266E6273703B266E6273703B266E6273703B266E6273703B266E6273703B266E6273703B266E6273703B266E6273703B266E6273703B266E6273703B266E6273703B266E6273703B266E6273703B266E6273703B266E6273703B266E6273703B266E6273703B266E6273703B266E6273703B266E6273703B266E6273703B266E6273703B266E6273703B266E6273703B266E6273703B266E6273703B266E6273703B266E6273703B266E6273703B266E6273703B266E6273703B266E6273703B266E6273703B266E6273703B266E6273703B266E6273703B266E6273703B266E6273703B266E6273703B266E6273703B266E6273703BB5A5CEBBA3BAC8CBCCEE266E6273703B266E6273703B266E6273703B266E6273703B266E6273703B266E6273703B266E6273703B266E6273703B266E6273703B266E6273703B266E6273703B266E6273703B266E6273703B266E6273703B266E6273703B266E6273703B266E6273703B266E6273703B20B1A8C8D5C6DAA3BA266E6273703B266E6273703B266E6273703B266E6273703B266E6273703B20C4EA266E6273703B266E6273703B20D4C2266E6273703B266E6273703B20C8D53C2F703E3C666F726D20616374696F6E3D276367466F726D4275696C64436F6E74726F6C6C65722E646F3F736176654F72557064617465272069643D27666F726D6F626A27206D6574686F643D27706F737427206E616D653D27666F726D6F626A273E3C696E707574206E616D653D277461626C654E616D652720747970653D2768696464656E272076616C75653D27247B7461626C654E616D653F69665F6578697374733F68746D6C7D27202F3E203C696E707574206E616D653D2769642720747970653D2768696464656E272076616C75653D27247B69643F69665F6578697374733F68746D6C7D27202F3E237B6A666F726D5F68696464656E5F6669656C647D3C696E70757420747970653D2768696464656E27202F3E3C703E266E6273703B3C2F703E3C7461626C6520626F726465723D2731272063656C6C70616464696E673D2730272063656C6C73706163696E673D273027207374796C653D2777696474683A313031367078273E3C74626F64793E3C74723E3C746420726F777370616E3D2734273E3C703E266E6273703B3C2F703E3C703E266E6273703B3C2F703E3C703EBACFBCC63C2F703E3C703E266E6273703B3C2F703E3C2F74643E3C746420636F6C7370616E3D27362720726F777370616E3D2732273E3C703E266E6273703B3C2F703E3C703EC8CBCAFD3C2F703E3C2F74643E3C746420636F6C7370616E3D27352720726F777370616E3D2732273E3C703E266E6273703B3C2F703E3C703ED1A7C0FA3C2F703E3C2F74643E3C746420636F6C7370616E3D27342720726F777370616E3D2732273E3C703E266E6273703B3C2F703E3C703EC8A1B5C3B5C4A3A8C9CFB8DAA3A9D6B4D2B5D7CAB8F13C2F703E3C2F74643E3C746420636F6C7370616E3D2734273E3C703ED7A8D2B5BCBCCAF5D6B0B3C63C2F703E3C2F74643E3C2F74723E3C74723E3C746420636F6C7370616E3D2734273E3C703EA3A8BEADBCC3CFB5C1D0A1A2B9A4B3CCCFB5C1D0A3A93C2F703E3C2F74643E3C2F74723E3C74723E3C746420636F6C7370616E3D2733273E3C703ED4DAB1E0C8CBD4B13C2F703E3C2F74643E3C746420636F6C7370616E3D2732273E3C703EC6B8D3C3C8CBD4B13C2F703E3C2F74643E3C746420726F777370616E3D2732273E3C703EC1D9CAB128BDE8D3C329C8CBD4B13C2F703E3C2F74643E3C746420726F777370616E3D2732273E3C703EB8DFD6D03C2F703E3C2F74643E3C746420726F777370616E3D2732273E3C703EB4F3D7A83C2F703E3C2F74643E3C746420726F777370616E3D2732273E3C703EB1BEBFC63C2F703E3C2F74643E3C746420726F777370616E3D2732273E3C703ED1D0BEBFC9FA3C2F703E3C2F74643E3C746420726F777370616E3D2732273E3C703EC6E4CBFC3C2F703E3C2F74643E3C746420726F777370616E3D2732273E3C703EBCDBB8F13C2F703E3C703EBCF8D6A4D4B13C2F703E3C2F74643E3C746420726F777370616E3D2732273E3C703EBCDBB8F13C2F703E3C703EBCF8D6A4CAA63C2F703E3C2F74643E3C746420726F777370616E3D2732273E3C703EB8B4BACB3C2F703E3C703EB2C3B6A8D4B13C2F703E3C2F74643E3C746420726F777370616E3D2732273E3C703EC6E4CBFC3C2F703E3C2F74643E3C746420726F777370616E3D2732273E3C703EB3F5BCB63C2F703E3C2F74643E3C746420726F777370616E3D2732273E3C703ED6D0BCB63C2F703E3C2F74643E3C746420726F777370616E3D2732273E3C703EB8DFBCB63C2F703E3C2F74643E3C746420726F777370616E3D2732273E3C703EC6E4CBFC3C2F703E3C2F74643E3C2F74723E3C74723E3C74643E3C703EB1BEB5A5CEBB3C2F703E3C2F74643E3C746420636F6C7370616E3D2732273E3C703EC6E4CBFC3C2F703E3C2F74643E3C74643E3C703EB3A4C6DA3C2F703E3C2F74643E3C74643E3C703EB6CCC6DA3C2F703E3C2F74643E3C2F74723E3C74723E3C74643E3C703E41313C2F703E3C2F74643E3C74643E3C703E42313C2F703E3C2F74643E3C74643E3C703E42323C2F703E3C2F74643E3C746420636F6C7370616E3D2732273E3C703E42333C2F703E3C2F74643E3C74643E3C703E42343C2F703E3C2F74643E3C74643E3C703E42353C2F703E3C2F74643E3C74643E3C703E43313C2F703E3C2F74643E3C74643E3C703E43323C2F703E3C2F74643E3C74643E3C703E43333C2F703E3C2F74643E3C74643E3C703E43343C2F703E3C2F74643E3C74643E3C703E43353C2F703E3C2F74643E3C74643E3C703E44313C2F703E3C2F74643E3C74643E3C703E44323C2F703E3C2F74643E3C74643E3C703E44333C2F703E3C2F74643E3C74643E3C703E44343C2F703E3C2F74643E3C74643E3C703E45313C2F703E3C2F74643E3C74643E3C703E45323C2F703E3C2F74643E3C74643E3C703E45333C2F703E3C2F74643E3C74643E3C703E45343C2F703E3C2F74643E3C2F74723E3C74723E3C74643E3C703E3C696E707574206E616D653D276131272073697A653D27342720747970653D2774657874272076616C75653D27247B61313F69665F6578697374733F68746D6C7D27202F3E3C2F703E3C2F74643E3C74643E3C703E3C696E707574206E616D653D276231272073697A653D27342720747970653D2774657874272076616C75653D27247B62313F69665F6578697374733F68746D6C7D27202F3E3C2F703E3C2F74643E3C74643E3C703E3C696E707574206E616D653D276232272073697A653D27342720747970653D2774657874272076616C75653D27247B62323F69665F6578697374733F68746D6C7D27202F3E3C2F703E3C2F74643E3C746420636F6C7370616E3D2732273E3C703E3C696E707574206E616D653D276233272073697A653D27342720747970653D2774657874272076616C75653D27247B62333F69665F6578697374733F68746D6C7D27202F3E3C2F703E3C2F74643E3C74643E3C703E3C696E707574206E616D653D276234272073697A653D27342720747970653D2774657874272076616C75653D27247B62343F69665F6578697374733F68746D6C7D27202F3E3C2F703E3C2F74643E3C74643E3C703E3C696E707574206E616D653D276235272073697A653D27342720747970653D2774657874272076616C75653D27247B62353F69665F6578697374733F68746D6C7D27202F3E3C2F703E3C2F74643E3C74643E3C703E3C696E707574206E616D653D276331272073697A653D27342720747970653D2774657874272076616C75653D27247B63313F69665F6578697374733F68746D6C7D27202F3E3C2F703E3C2F74643E3C74643E3C703E3C696E707574206E616D653D276332272073697A653D27342720747970653D2774657874272076616C75653D27247B63323F69665F6578697374733F68746D6C7D27202F3E3C2F703E3C2F74643E3C74643E3C703E3C696E707574206E616D653D276333272073697A653D27342720747970653D2774657874272076616C75653D27247B63333F69665F6578697374733F68746D6C7D27202F3E3C2F703E3C2F74643E3C74643E3C703E3C696E707574206E616D653D276334272073697A653D27342720747970653D2774657874272076616C75653D27247B63343F69665F6578697374733F68746D6C7D27202F3E3C2F703E3C2F74643E3C74643E3C703E3C696E707574206E616D653D276335272073697A653D27342720747970653D2774657874272076616C75653D27247B63353F69665F6578697374733F68746D6C7D27202F3E3C2F703E3C2F74643E3C74643E3C703E3C696E707574206E616D653D276431272073697A653D27342720747970653D2774657874272076616C75653D27247B64313F69665F6578697374733F68746D6C7D27202F3E3C2F703E3C2F74643E3C74643E3C703E3C696E707574206E616D653D276432272073697A653D27342720747970653D2774657874272076616C75653D27247B64323F69665F6578697374733F68746D6C7D27202F3E3C2F703E3C2F74643E3C74643E3C703E3C696E707574206E616D653D276433272073697A653D27342720747970653D2774657874272076616C75653D27247B64333F69665F6578697374733F68746D6C7D27202F3E3C2F703E3C2F74643E3C74643E3C703E3C696E707574206E616D653D276434272073697A653D27342720747970653D2774657874272076616C75653D27247B64343F69665F6578697374733F68746D6C7D27202F3E3C2F703E3C2F74643E3C74643E3C703E3C696E707574206E616D653D276531272073697A653D27342720747970653D2774657874272076616C75653D27247B65313F69665F6578697374733F68746D6C7D27202F3E3C2F703E3C2F74643E3C74643E3C703E3C696E707574206E616D653D276532272073697A653D27342720747970653D2774657874272076616C75653D27247B65323F69665F6578697374733F68746D6C7D27202F3E3C2F703E3C2F74643E3C74643E3C703E3C696E707574206E616D653D276533272073697A653D27342720747970653D2774657874272076616C75653D27247B65333F69665F6578697374733F68746D6C7D27202F3E3C2F703E3C2F74643E3C74643E3C703E3C696E707574206E616D653D276534272073697A653D27342720747970653D2774657874272076616C75653D27247B65343F69665F6578697374733F68746D6C7D27202F3E3C2F703E3C2F74643E3C2F74723E3C74723E3C746420636F6C7370616E3D273230273E3C703E266E6273703B3C2F703E3C703ECCEEB1A8CBB5C3F7A3BA3C2F703E3C703ED2BBA1A2BACFBCC6A3A841A3A9A3BACCEEB1A8D6C1CDB3BCC6BDD8D6B9C6DAB5C4B1BEBBFAB9B9B5C4C8CBD4B1D7DCCAFDA1A33C2F703E3C703EB6FEA1A2C8CBCAFDA3BA3C2F703E3C703ED4DAB1E0C8CBD4B1A3BAB7D6B1F0B0B4D5D5BCDBB8F1C8CFD6A4BBFAB9B9B1E0D6C6C4DABCB0C6E4CBFCBEDFD3D0BCDBB8F1D6F7B9DCB2BFC3C5B1E0D6C6B5C4CAB5D3D0C8CBCAFDCCEEB1A8D4DA4231A1A24232C0B8C4DAA1A33C2F703E3C703EC6B8D3C3C8CBD4B1A3BAB0B4D5D5BEADBCDBB8F1D6F7B9DCB2BFC3C5BBF2BCDBB8F1C8CFD6A4BBFAB9B9C8CBCAC2B2BFC3C5C8CFBFC9B5C4B2A2C7A9B6A9C8FDC4EAD2D4C9CFB5C4B9A4D7F7BACFCDACB5C4C8CBD4B1A3A84233A3A9A3BBD2D4BCB0C3BBD3D0BEADB9FDBCDBB8F1D6F7B9DCB2BFC3C5BBF2BCDBB8F1C8CFD6A4BBFAB9B9C8CBCAC2B2BFC3C5C8CFBFC9B5C4C7A9B6A9BACFCDACC9D9D3DAC8FDC4EAB5C4C8CBD4B1A3A84234A3A9B7D6B1F0C0B4BDF8D0D0CDB3BCC6A1A33C2F703E3C703EC1D9CAB1A3A8BDE8D3C3A3A9C8CBD4B1A3A84235A3A9A3BACCD8D6B8CDE2C6B8B5C4C1D9CAB1B9A4A3ACBBF2D5DFB9A4D7F7B9D8CFB5B2BBD4DAB1BEB5A5CEBBC7D2CEDEB3A4C6DAC6B8D3C3BACFCDACB5C4BDE8B5F7C8CBD4B1B5C8A1A33C2F703E3C703EC8FDA1A2B1EDC4DAB8F7C0B8C4BFB9D8CFB53C2F703E3C703E413D42312B42322B42332B42342B42353D43312B43322B43332B43342B43353D44312B44322B44332B44343D45312B45322B45332B45343C2F703E3C2F74643E3C2F74723E3C2F74626F64793E3C2F7461626C653E3C2F666F726D3E3C2F6469763E3C2F626F64793E3C2F68746D6C3E');

#
# Structure for table "ck_finder"
#

DROP TABLE IF EXISTS `ck_finder`;
CREATE TABLE `ck_finder` (
  `ID` varchar(32) NOT NULL,
  `ATTACHMENT` varchar(255) DEFAULT NULL,
  `IMAGE` varchar(255) DEFAULT NULL,
  `REMARK` longtext,
  PRIMARY KEY (`ID`)
) ENGINE=InnoDB DEFAULT CHARSET=utf8;

#
# Data for table "ck_finder"
#


#
# Structure for table "doc"
#

DROP TABLE IF EXISTS `doc`;
CREATE TABLE `doc` (
  `ID` int(11) NOT NULL AUTO_INCREMENT,
  `DOCCONTENT` longblob,
  `DOCDATE` datetime DEFAULT NULL,
  `DOCID` varchar(255) DEFAULT NULL,
  `DOCTITLE` varchar(255) DEFAULT NULL,
  `DOCTYPE` varchar(255) DEFAULT NULL,
  PRIMARY KEY (`ID`)
) ENGINE=InnoDB DEFAULT CHARSET=utf8;

#
# Data for table "doc"
#


#
# Structure for table "doctor"
#

DROP TABLE IF EXISTS `doctor`;
CREATE TABLE `doctor` (
  `F_BH` varchar(32) NOT NULL DEFAULT '' COMMENT '编号',
  `F_NAME` varchar(50) NOT NULL DEFAULT '' COMMENT '姓名',
  `F_TYPE` varchar(2) DEFAULT NULL COMMENT '科别',
  `F_MEMO` varchar(255) DEFAULT NULL COMMENT '备注',
  `id` varchar(32) DEFAULT NULL,
  PRIMARY KEY (`F_BH`)
) ENGINE=InnoDB DEFAULT CHARSET=utf8;

#
# Data for table "doctor"
#

INSERT INTO `doctor` VALUES ('011111111111111111111','李伟','01','','01'),('021111111111','2工','10','','02'),('03111111','3工','03','','3'),('0611111111111111111111','6工','03','','6'),('111','111','01','11','ff808081515dc98e01515dd6aa9a0002'),('11111','11111','01','11111','ff808081515d6a2601515d71c89e0008'),('11111111111111111111','5工','03','','5'),('111111111111111111111111','4工','02','','4'),('12','12工','01',NULL,'7'),('13','13工','01',NULL,'8'),('r','r','03','r','8a8a8be2515be3aa01515bebbce3000d');

#
# Structure for table "employee"
#

DROP TABLE IF EXISTS `employee`;
CREATE TABLE `employee` (
  `ID` varchar(32) DEFAULT NULL,
  `BANK_ID` varchar(32) NOT NULL DEFAULT '' COMMENT '银行网点',
  `EMP_ID` varchar(32) NOT NULL DEFAULT '' COMMENT '员工编号',
  `EMP_NAME` varchar(100) NOT NULL DEFAULT '' COMMENT '员工姓名',
  `POS_ID` varchar(32) NOT NULL DEFAULT '' COMMENT '岗位编码',
  `TEL` varchar(100) DEFAULT NULL COMMENT '联系方式',
  `NOTE` varchar(100) DEFAULT NULL COMMENT '备注',
  PRIMARY KEY (`BANK_ID`,`EMP_ID`)
) ENGINE=InnoDB DEFAULT CHARSET=utf8;

#
# Data for table "employee"
#

INSERT INTO `employee` VALUES ('ff8081814edcd045014ede38b5920038','40283f824d840865014d840901af0017','g 很.快。3','g 很.快。3','01','g 很.快。3','g 很.快。3'),('ff8081814ea180ef014ea19fedc8000f','8a2380e34d9ae790014d9afc13ac000c','001','刘伟','01','12221111','qww'),('ff8081814ea180ef014ea1a03ec60011','8a2380e34d9ae790014d9afc13ac000c','002','张华','01','233333','qqq'),('ff8081814eecf627014eed3017b0000c','8a2380e34d9ae790014d9afc13ac000c','003','冷风吹','01','sss','sss');

#
# Structure for table "fileroot"
#

DROP TABLE IF EXISTS `fileroot`;
CREATE TABLE `fileroot` (
  `ID` varchar(32) DEFAULT '1',
  `MIP` varchar(32) NOT NULL DEFAULT '' COMMENT '机器IP',
  `ROOT_ID` varchar(32) NOT NULL DEFAULT '' COMMENT '磁盘路径',
  `FILE_URL` varchar(250) DEFAULT NULL COMMENT '文件URL',
  `FILE_NAME` varchar(100) DEFAULT NULL COMMENT '文件名称',
  `DEPT_ID` varchar(32) DEFAULT NULL COMMENT '部门编号',
  PRIMARY KEY (`MIP`,`ROOT_ID`)
) ENGINE=InnoDB DEFAULT CHARSET=utf8;

#
# Data for table "fileroot"
#

INSERT INTO `fileroot` VALUES ('1','127.0.0.1','D:/LHMH_Rec','http://127.0.0.1:8080','LHMH_rec','402881e85cc05308015cc059621b0005');

#
# Structure for table "fileview"
#

DROP TABLE IF EXISTS `fileview`;
CREATE TABLE `fileview` (
  `Id` int(11) NOT NULL AUTO_INCREMENT,
  `CHANNEL_ID` varchar(30) DEFAULT NULL COMMENT '通道',
  `OFFICE_ID` varchar(255) DEFAULT NULL COMMENT '手术室',
  `BEGINTIME` datetime DEFAULT NULL COMMENT '开始时间',
  `ENDTIME` datetime DEFAULT NULL COMMENT '结束时间',
  `DATE1` date DEFAULT NULL COMMENT '查询日期',
  PRIMARY KEY (`Id`)
) ENGINE=InnoDB DEFAULT CHARSET=utf8;

#
# Data for table "fileview"
#


#
# Structure for table "hi_share_attach"
#

DROP TABLE IF EXISTS `hi_share_attach`;
CREATE TABLE `hi_share_attach` (
  `COM_ID` varchar(32) NOT NULL DEFAULT '1' COMMENT '医院编号',
  `INFO_ID` varchar(32) NOT NULL DEFAULT '' COMMENT '单据编号',
  `SEQ` varchar(32) NOT NULL DEFAULT '' COMMENT '行号',
  `FILE_TYPE` varchar(2) DEFAULT '' COMMENT '文件类型',
  `FILE_DOC_ID` varchar(30) DEFAULT '' COMMENT '文件路径',
  `FILE_NAME` varchar(128) DEFAULT '' COMMENT '文件名',
  `IS_MRB` varchar(1) DEFAULT NULL COMMENT '是否使用0:否,1:是',
  `ID` varchar(32) DEFAULT NULL,
  PRIMARY KEY (`COM_ID`,`INFO_ID`,`SEQ`)
) ENGINE=InnoDB DEFAULT CHARSET=utf8;

#
# Data for table "hi_share_attach"
#


#
# Structure for table "jeecg_demo"
#

DROP TABLE IF EXISTS `jeecg_demo`;
CREATE TABLE `jeecg_demo` (
  `ID` varchar(32) NOT NULL,
  `AGE` int(11) DEFAULT NULL,
  `BIRTHDAY` datetime DEFAULT NULL,
  `content` varchar(255) DEFAULT NULL,
  `create_date` datetime DEFAULT NULL,
  `DEP_ID` varchar(255) DEFAULT NULL,
  `EMAIL` varchar(255) DEFAULT NULL,
  `MOBILE_PHONE` varchar(255) DEFAULT NULL,
  `OFFICE_PHONE` varchar(255) DEFAULT NULL,
  `SALARY` decimal(19,2) DEFAULT NULL,
  `SEX` varchar(255) DEFAULT NULL,
  `status` varchar(255) DEFAULT NULL,
  `USER_NAME` varchar(255) NOT NULL,
  `CREATE_TIME` datetime DEFAULT NULL,
  PRIMARY KEY (`ID`)
) ENGINE=InnoDB DEFAULT CHARSET=utf8;

#
# Data for table "jeecg_demo"
#

INSERT INTO `jeecg_demo` VALUES ('40283f824d840865014d8409064a0161',12,'2014-02-14 00:00:00',NULL,NULL,'123','demo@jeecg.com','13111111111','66666666',111111.00,'1',NULL,'小明',NULL);

#
# Structure for table "jeecg_demo_teacher"
#

DROP TABLE IF EXISTS `jeecg_demo_teacher`;
CREATE TABLE `jeecg_demo_teacher` (
  `ID` varchar(32) NOT NULL,
  `NAME` varchar(12) DEFAULT NULL,
  `pic` varchar(255) DEFAULT NULL,
  PRIMARY KEY (`ID`)
) ENGINE=InnoDB DEFAULT CHARSET=utf8;

#
# Data for table "jeecg_demo_teacher"
#

INSERT INTO `jeecg_demo_teacher` VALUES ('40283f824d840865014d8409055a015d','路飞','upload/Teacher/pic3345280233.PNG'),('8a8a8b9e4da74da1014da79465350058','q',NULL),('ff8080814daf825f014daf855f990001','1',NULL);

#
# Structure for table "jeecg_demo_course"
#

DROP TABLE IF EXISTS `jeecg_demo_course`;
CREATE TABLE `jeecg_demo_course` (
  `ID` varchar(32) NOT NULL,
  `NAME` varchar(25) DEFAULT NULL,
  `teacher_ID` varchar(32) DEFAULT NULL,
  PRIMARY KEY (`ID`),
  KEY `FK_g3jn8mfod69i7jfv5gnrcvgbx` (`teacher_ID`),
  CONSTRAINT `FK_g3jn8mfod69i7jfv5gnrcvgbx` FOREIGN KEY (`teacher_ID`) REFERENCES `jeecg_demo_teacher` (`ID`)
) ENGINE=InnoDB DEFAULT CHARSET=utf8;

#
# Data for table "jeecg_demo_course"
#

INSERT INTO `jeecg_demo_course` VALUES ('40283f824d840865014d8409055c015e','海贼王','40283f824d840865014d8409055a015d'),('8a8a8b9e4da74da1014da79465360059','q','8a8a8b9e4da74da1014da79465350058'),('ff8080814daf825f014daf855f990002','1','ff8080814daf825f014daf855f990001');

#
# Structure for table "jeecg_demo_student"
#

DROP TABLE IF EXISTS `jeecg_demo_student`;
CREATE TABLE `jeecg_demo_student` (
  `ID` varchar(32) NOT NULL,
  `BIRTHDAY` datetime DEFAULT NULL,
  `NAME` varchar(32) DEFAULT NULL,
  `SEX` varchar(1) DEFAULT NULL,
  `COURSE_ID` varchar(32) DEFAULT NULL,
  PRIMARY KEY (`ID`),
  KEY `FK_r86q81koyocgod3cx6529hbpw` (`COURSE_ID`),
  CONSTRAINT `FK_r86q81koyocgod3cx6529hbpw` FOREIGN KEY (`COURSE_ID`) REFERENCES `jeecg_demo_course` (`ID`)
) ENGINE=InnoDB DEFAULT CHARSET=utf8;

#
# Data for table "jeecg_demo_student"
#

INSERT INTO `jeecg_demo_student` VALUES ('40283f824d840865014d8409055e015f',NULL,'卓洛','0','40283f824d840865014d8409055c015e'),('40283f824d840865014d840905600160',NULL,'山治 ','0','40283f824d840865014d8409055c015e'),('8a8a8b9e4da74da1014da7946537005a',NULL,'qq','0','8a8a8b9e4da74da1014da79465360059'),('8a8a8b9e4da74da1014da7946584005b',NULL,'qq','0','8a8a8b9e4da74da1014da79465360059'),('ff8080814daf825f014daf855fb90003',NULL,'1','0','ff8080814daf825f014daf855f990002'),('ff8080814daf825f014daf855fe80004',NULL,'1','0','ff8080814daf825f014daf855f990002');

#
# Structure for table "jeecg_matter_bom"
#

DROP TABLE IF EXISTS `jeecg_matter_bom`;
CREATE TABLE `jeecg_matter_bom` (
  `ID` varchar(32) NOT NULL,
  `address` varchar(255) DEFAULT NULL,
  `code` varchar(50) NOT NULL,
  `name` varchar(50) NOT NULL,
  `price` decimal(21,6) NOT NULL,
  `productionDate` datetime DEFAULT NULL,
  `quantity` int(11) NOT NULL,
  `stock` int(11) NOT NULL,
  `unit` varchar(50) DEFAULT NULL,
  `weight` varchar(50) DEFAULT NULL,
  `parent_ID` varchar(32) DEFAULT NULL,
  PRIMARY KEY (`ID`),
  KEY `FK_fldfyrevj0li4hej5b2gu2q7w` (`parent_ID`),
  CONSTRAINT `FK_fldfyrevj0li4hej5b2gu2q7w` FOREIGN KEY (`parent_ID`) REFERENCES `jeecg_matter_bom` (`ID`)
) ENGINE=InnoDB DEFAULT CHARSET=utf8;

#
# Data for table "jeecg_matter_bom"
#

INSERT INTO `jeecg_matter_bom` VALUES ('40283f824d840865014d840906550166','广东深圳','001','电脑',5000.000000,'2015-05-24 11:48:13',5,10,'台','100',NULL),('40283f824d840865014d840906580167','上海','001001','主板',800.000000,'2015-05-24 11:48:13',6,18,'个','60','40283f824d840865014d840906550166');

#
# Structure for table "jeecg_minidao"
#

DROP TABLE IF EXISTS `jeecg_minidao`;
CREATE TABLE `jeecg_minidao` (
  `ID` varchar(32) NOT NULL,
  `AGE` int(11) DEFAULT NULL,
  `BIRTHDAY` datetime DEFAULT NULL,
  `CONTENT` varchar(255) DEFAULT NULL,
  `CREATE_TIME` datetime DEFAULT NULL,
  `DEP_ID` varchar(255) DEFAULT NULL,
  `EMAIL` varchar(255) DEFAULT NULL,
  `MOBILE_PHONE` varchar(255) DEFAULT NULL,
  `OFFICE_PHONE` varchar(255) DEFAULT NULL,
  `SALARY` decimal(19,2) DEFAULT NULL,
  `SEX` int(11) DEFAULT NULL,
  `STATUS` varchar(255) DEFAULT NULL,
  `USER_NAME` varchar(255) NOT NULL,
  PRIMARY KEY (`ID`)
) ENGINE=InnoDB DEFAULT CHARSET=utf8;

#
# Data for table "jeecg_minidao"
#


#
# Structure for table "jeecg_order_custom"
#

DROP TABLE IF EXISTS `jeecg_order_custom`;
CREATE TABLE `jeecg_order_custom` (
  `ID` varchar(32) NOT NULL,
  `CREATE_DT` datetime DEFAULT NULL,
  `CRTUSER` varchar(12) DEFAULT NULL,
  `CRTUSER_NAME` varchar(10) DEFAULT NULL,
  `DEL_DT` datetime DEFAULT NULL,
  `DELFLAG` int(11) DEFAULT NULL,
  `GO_ORDER_CODE` varchar(12) NOT NULL,
  `GOC_BUSS_CONTENT` varchar(33) DEFAULT NULL,
  `GOC_CONTENT` varchar(66) DEFAULT NULL,
  `GOC_CUS_NAME` varchar(16) DEFAULT NULL,
  `GOC_IDCARD` varchar(18) DEFAULT NULL,
  `GOC_PASSPORT_CODE` varchar(10) DEFAULT NULL,
  `GOC_SEX` varchar(255) DEFAULT NULL,
  `MODIFIER` varchar(12) DEFAULT NULL,
  `MODIFIER_NAME` varchar(10) DEFAULT NULL,
  `MODIFY_DT` datetime DEFAULT NULL,
  PRIMARY KEY (`ID`)
) ENGINE=InnoDB DEFAULT CHARSET=utf8;

#
# Data for table "jeecg_order_custom"
#

INSERT INTO `jeecg_order_custom` VALUES ('40283f824d840865014d840906530165',NULL,NULL,NULL,NULL,NULL,'11111AAA',NULL,NULL,'小明',NULL,NULL,'1',NULL,NULL,NULL),('ff8080814dce612f014dce63f1550007',NULL,NULL,NULL,NULL,NULL,'1','','','','','','0',NULL,NULL,NULL);

#
# Structure for table "jeecg_order_main"
#

DROP TABLE IF EXISTS `jeecg_order_main`;
CREATE TABLE `jeecg_order_main` (
  `ID` varchar(32) NOT NULL,
  `CREATE_DT` datetime DEFAULT NULL,
  `CRTUSER` varchar(12) DEFAULT NULL,
  `CRTUSER_NAME` varchar(10) DEFAULT NULL,
  `DEL_DT` datetime DEFAULT NULL,
  `DELFLAG` int(11) DEFAULT NULL,
  `GO_ALL_PRICE` decimal(10,2) DEFAULT NULL,
  `GO_CONTACT_NAME` varchar(16) DEFAULT NULL,
  `GO_CONTENT` varchar(66) DEFAULT NULL,
  `GO_ORDER_CODE` varchar(12) NOT NULL,
  `GO_ORDER_COUNT` int(11) DEFAULT NULL,
  `GO_RETURN_PRICE` decimal(10,2) DEFAULT NULL,
  `GO_TELPHONE` varchar(11) DEFAULT NULL,
  `GODER_TYPE` varchar(255) DEFAULT NULL,
  `MODIFIER` varchar(12) DEFAULT NULL,
  `MODIFIER_NAME` varchar(10) DEFAULT NULL,
  `MODIFY_DT` datetime DEFAULT NULL,
  `USERTYPE` varchar(255) DEFAULT NULL,
  PRIMARY KEY (`ID`)
) ENGINE=InnoDB DEFAULT CHARSET=utf8;

#
# Data for table "jeecg_order_main"
#

INSERT INTO `jeecg_order_main` VALUES ('40283f824d840865014d8409064f0163',NULL,NULL,NULL,NULL,NULL,1111111.00,'alex','别放辣椒','11111AAA',1,100.00,NULL,'1',NULL,NULL,NULL,'1'),('ff8080814dce612f014dce63f1250004',NULL,NULL,NULL,NULL,NULL,1.00,'1','1','1',1,1.00,'13324100510','1',NULL,NULL,NULL,'1');

#
# Structure for table "jeecg_order_product"
#

DROP TABLE IF EXISTS `jeecg_order_product`;
CREATE TABLE `jeecg_order_product` (
  `ID` varchar(32) NOT NULL,
  `CREATE_DT` datetime DEFAULT NULL,
  `CRTUSER` varchar(12) DEFAULT NULL,
  `CRTUSER_NAME` varchar(10) DEFAULT NULL,
  `DEL_DT` datetime DEFAULT NULL,
  `DELFLAG` int(11) DEFAULT NULL,
  `GO_ORDER_CODE` varchar(12) NOT NULL,
  `GOP_CONTENT` varchar(66) DEFAULT NULL,
  `GOP_COUNT` int(11) DEFAULT NULL,
  `GOP_ONE_PRICE` decimal(10,2) DEFAULT NULL,
  `GOP_PRODUCT_NAME` varchar(33) DEFAULT NULL,
  `GOP_PRODUCT_TYPE` varchar(1) NOT NULL,
  `GOP_SUM_PRICE` decimal(10,2) DEFAULT NULL,
  `MODIFIER` varchar(12) DEFAULT NULL,
  `MODIFIER_NAME` varchar(10) DEFAULT NULL,
  `MODIFY_DT` datetime DEFAULT NULL,
  PRIMARY KEY (`ID`)
) ENGINE=InnoDB DEFAULT CHARSET=utf8;

#
# Data for table "jeecg_order_product"
#

INSERT INTO `jeecg_order_product` VALUES ('40283f824d840865014d840906510164',NULL,NULL,NULL,NULL,NULL,'11111AAA',NULL,1,100.00,'最最美味的地锅鸡','1',100.00,NULL,NULL,NULL),('ff8080814dce612f014dce63f1250005',NULL,NULL,NULL,NULL,NULL,'1','11',11,11.00,'111111','1',11.00,NULL,NULL,NULL),('ff8080814dce612f014dce63f1550006',NULL,NULL,NULL,NULL,NULL,'1','11',11,11.00,'111111','1',11.00,NULL,NULL,NULL);

#
# Structure for table "jform_cgreport_head"
#

DROP TABLE IF EXISTS `jform_cgreport_head`;
CREATE TABLE `jform_cgreport_head` (
  `ID` varchar(36) NOT NULL,
  `CGR_SQL` longtext NOT NULL,
  `CODE` varchar(36) NOT NULL,
  `CONTENT` longtext NOT NULL,
  `NAME` varchar(100) NOT NULL,
  PRIMARY KEY (`ID`)
) ENGINE=InnoDB DEFAULT CHARSET=utf8;

#
# Data for table "jform_cgreport_head"
#

INSERT INTO `jform_cgreport_head` VALUES ('402880e74ea46b1d014ea47223a60001','select\r\n\tSTORAGE_ID,\r\n\tSTORAGE_NAME,\r\n\tSTORAGE_IP,\r\n\tSTORAGE_PORT,\r\n\tDATA_PORT,\r\n\tSPACE,\r\n\tSPACE_MIN,\r\n\tSTATUS,\r\n\tSPACE_USED,\r\n\tSPACE_UN,\r\n\tEMP_ID,\r\n\tEMP_NAME,\r\n\tTEL,\r\n\tdepartname,\r\n\twarnflag\r\nfrom\r\n(\r\nselect \r\n\ta.STORAGE_ID,\r\n\ta.STORAGE_NAME,\r\n\ta.STORAGE_IP,\r\n\ta.STORAGE_PORT,\r\n\ta.DATA_PORT,\r\n\ta.SPACE,\r\n\ta.SPACE_MIN,\r\n\ta.STATUS,\r\n\ta.SPACE_USED,\r\n\ta.SPACE_UN,\r\n\ta.EMP_ID,\r\n\tb.EMP_NAME,\r\n\tb.TEL,\r\n\tc.departname,\r\n\tcase when a.space_un is null then \"02\"\r\n\telse \r\n\t\tcase when a.space_min>a.space_un then \"01\" else \"02\" end \r\n\tend warnflag\r\nfrom \r\nstorage a left join employee b on a.EMP_ID=b.EMP_ID \r\nleft join t_s_depart c on a.BANK_ID=c.ID\r\n)b\r\n','storagereport','存储设备查询','存储设备查询'),('402880e74ea46b1d014ea4900298001a','SELECT\r\n\tA.terminal_id,\r\n\tA.terminal_name,\r\n\tA.TERMINAL_IP,\r\n\tA.TERMINAL_PORT,\r\n\td.STORAGE_NAME,\r\n\tA.status,\r\n\tA.UPLOAD_TIME,\r\n\tA.PRE_TIME,\r\n\tA.DELAY_TIME,\r\n\tA.TIME_END,\r\n\tA.is_normal,\r\n\tB.departname,\r\n\tC.EMP_NAME,\r\n\tC.TEL\r\nFROM\r\n\tterminal A LEFT JOIN t_s_depart B ON A.BANK_ID=B.ID\r\n\tLEFT JOIN employee C ON A.EMP_ID=C.EMP_ID\r\n\tleft join storage d on a.STORAGE_Id=d.STORAGE_ID','terminalreport','终端报表','终端报表'),('402880e74ea62d70014ea6424f810004','select\r\nbill_id,a.channel_id,file_url,file_name,begin_time,end_time,a.status,file_rate,is_del,b.CHANNEL_NAME\r\nfrom bill_detail a left join channel b on a.CHANNEL_ID=b.CHANNEL_ID','filldetailreport','文件明细报表','文件明细报表'),('402880ea4e9c2863014e9c339c3c0001','select\r\n\ta.channel_id,a.channel_name,b.officee_name,c.terminal_name,d.departname,a.status,a.is_work\r\nfrom\r\n\tchannel a\r\n\tleft join office b on a.bank_id=b.bank_id\r\n\tleft join terminal c on b.terminal_id=c.terminal_id\r\n\tleft join t_s_depart d on a.bank_id=d.id','chanelreport','通道查询','通道查询');

#
# Structure for table "jform_cgreport_item"
#

DROP TABLE IF EXISTS `jform_cgreport_item`;
CREATE TABLE `jform_cgreport_item` (
  `ID` varchar(36) NOT NULL,
  `S_FLAG` varchar(2) DEFAULT NULL,
  `S_MODE` varchar(10) DEFAULT NULL,
  `CGRHEAD_ID` varchar(36) DEFAULT NULL,
  `DICT_CODE` varchar(36) DEFAULT NULL,
  `FIELD_HREF` varchar(120) DEFAULT NULL,
  `FIELD_NAME` varchar(36) DEFAULT NULL,
  `FIELD_TXT` longtext,
  `FIELD_TYPE` varchar(10) DEFAULT NULL,
  `IS_SHOW` varchar(5) DEFAULT NULL,
  `ORDER_NUM` int(11) DEFAULT NULL,
  `REPLACE_VA` varchar(36) DEFAULT NULL,
  PRIMARY KEY (`ID`)
) ENGINE=InnoDB DEFAULT CHARSET=utf8;

#
# Data for table "jform_cgreport_item"
#

INSERT INTO `jform_cgreport_item` VALUES ('4028474f4ea51ee6014ea529109f0002','Y','single','402880ea4e9c2863014e9c339c3c0001','','','channel_id','通道编号','String','Y',0,''),('4028474f4ea51ee6014ea52910af0003','Y','single','402880ea4e9c2863014e9c339c3c0001','','','channel_name','通道名称','String','Y',1,''),('4028474f4ea51ee6014ea52910af0004','N','single','402880ea4e9c2863014e9c339c3c0001','','','officee_name','理财室','String','Y',2,''),('4028474f4ea51ee6014ea52910af0005','N','single','402880ea4e9c2863014e9c339c3c0001','','','terminal_name','采集终端','String','Y',3,''),('4028474f4ea51ee6014ea52910af0006','N','single','402880ea4e9c2863014e9c339c3c0001','','','departname','银行','String','Y',4,''),('4028474f4ea51ee6014ea52910af0007','Y','single','402880ea4e9c2863014e9c339c3c0001','status','','status','是否启用','String','Y',5,''),('4028474f4ea51ee6014ea52910af0008','Y','single','402880ea4e9c2863014e9c339c3c0001','isWork','','is_work','是否在线','String','Y',6,''),('402880e74ea46b1d014ea47223a90002','Y','single','402880e74ea46b1d014ea47223a60001','','','storage_id','编号','String','Y',0,''),('402880e74ea46b1d014ea47223cd0003','Y','single','402880e74ea46b1d014ea47223a60001','','','storage_name','名称','String','Y',1,''),('402880e74ea46b1d014ea47223cf0004','N','single','402880e74ea46b1d014ea47223a60001','','','storage_ip','IP','String','Y',2,''),('402880e74ea46b1d014ea47223d10005','N','single','402880e74ea46b1d014ea47223a60001','','','STORAGE_PORT','存储端口','String','Y',3,''),('402880e74ea46b1d014ea47223d60006','N','single','402880e74ea46b1d014ea47223a60001','','','DATA_PORT','数据端口','String','Y',4,''),('402880e74ea46b1d014ea47223da0007','N','single','402880e74ea46b1d014ea47223a60001','','','SPACE','存储空间(G)','Long','Y',5,''),('402880e74ea46b1d014ea47223dc0008','N','single','402880e74ea46b1d014ea47223a60001','','','SPACE_MIN','预警空间(G)','Long','Y',6,''),('402880e74ea46b1d014ea47223df0009','Y','single','402880e74ea46b1d014ea47223a60001','status','','status','是否启用','String','Y',7,''),('402880e74ea46b1d014ea47223e1000a','N','single','402880e74ea46b1d014ea47223a60001','','','SPACE_USED','已使用空间(G)','String','Y',8,''),('402880e74ea46b1d014ea47223e3000b','N','single','402880e74ea46b1d014ea47223a60001','','','SPACE_UN','未使用空间(G)','String','Y',9,''),('402880e74ea46b1d014ea47223e9000d','N','single','402880e74ea46b1d014ea47223a60001','','','EMP_NAME','员工名称','String','Y',11,''),('402880e74ea46b1d014ea47223ec000e','N','single','402880e74ea46b1d014ea47223a60001','','','TEL','联系电话','String','Y',12,''),('402880e74ea46b1d014ea47223f0000f','N','single','402880e74ea46b1d014ea47223a60001','','','departname','银行','String','Y',13,''),('402880e74ea46b1d014ea495afc4001d','Y','single','402880e74ea46b1d014ea4900298001a','','','terminal_id','终端编号','String','Y',0,''),('402880e74ea46b1d014ea495afc8001e','Y','single','402880e74ea46b1d014ea4900298001a','','','terminal_name','终端名称','String','Y',1,''),('402880e74ea46b1d014ea495afcc001f','N','single','402880e74ea46b1d014ea4900298001a','','','TERMINAL_IP','终端IP','String','Y',2,''),('402880e74ea46b1d014ea495afcf0020','N','single','402880e74ea46b1d014ea4900298001a','','','TERMINAL_PORT','终端端口','String','Y',3,''),('402880e74ea46b1d014ea495afd10021','N','single','402880e74ea46b1d014ea4900298001a','','','STORAGE_NAME','存储设备','String','Y',4,''),('402880e74ea46b1d014ea495afd30022','Y','single','402880e74ea46b1d014ea4900298001a','status','','status','是否启用','String','Y',5,''),('402880e74ea46b1d014ea495afd40023','N','single','402880e74ea46b1d014ea4900298001a','','','UPLOAD_TIME','上传开始时间','String','Y',6,''),('402880e74ea46b1d014ea495afd60024','N','single','402880e74ea46b1d014ea4900298001a','','','PRE_TIME','预录像时间','String','Y',7,''),('402880e74ea46b1d014ea495afd90025','N','single','402880e74ea46b1d014ea4900298001a','','','DELAY_TIME','录像延迟时间','String','Y',8,''),('402880e74ea46b1d014ea495afdf0026','N','single','402880e74ea46b1d014ea4900298001a','','','TIME_END','上传结束时间','String','Y',9,''),('402880e74ea46b1d014ea495afe00027','Y','single','402880e74ea46b1d014ea4900298001a','isNormal','','is_normal','正常工作状态','String','Y',10,''),('402880e74ea46b1d014ea495afe20028','Y','single','402880e74ea46b1d014ea4900298001a','','','departname','银行网点','String','Y',11,''),('402880e74ea46b1d014ea495afe40029','N','single','402880e74ea46b1d014ea4900298001a','','','EMP_NAME','员工姓名','String','Y',12,''),('402880e74ea46b1d014ea495afe7002a','N','single','402880e74ea46b1d014ea4900298001a','','','TEL','联系电话','String','Y',13,''),('402880e74ea53c86014ea553b6f70001','Y','single','402880e74ea46b1d014ea47223a60001','status','','warnflag','是否预警','String','Y',14,''),('402880e74ea62d70014ea6424f8f0005','Y','single','402880e74ea62d70014ea6424f810004','','','bill_id','业务流水号','String','Y',0,''),('402880e74ea62d70014ea64250290006','Y','single','402880e74ea62d70014ea6424f810004','','','channel_id','通道编号','String','Y',1,''),('402880e74ea62d70014ea642502b0007','N','single','402880e74ea62d70014ea6424f810004','','','file_url','文件URL','String','Y',2,''),('402880e74ea62d70014ea642502c0008','N','single','402880e74ea62d70014ea6424f810004','','','file_name','文件名称','String','Y',3,''),('402880e74ea62d70014ea642502e0009','Y','single','402880e74ea62d70014ea6424f810004','','','begin_time','开始时间','String','Y',4,''),('402880e74ea62d70014ea6425032000a','Y','single','402880e74ea62d70014ea6424f810004','','','end_time','结束时间','String','Y',5,''),('402880e74ea62d70014ea6425035000b','Y','single','402880e74ea62d70014ea6424f810004','filestatus','','status','上传状态','String','Y',6,''),('402880e74ea62d70014ea6425038000c','N','single','402880e74ea62d70014ea6424f810004','','','file_rate','上传进度','String','Y',7,''),('402880e74ea62d70014ea642503a000d','Y','single','402880e74ea62d70014ea6424f810004','isdel','','is_del','是否删除','String','Y',8,''),('402880e74ea62d70014ea642503c000e','N','single','402880e74ea62d70014ea6424f810004','','','CHANNEL_NAME','通道名称','String','Y',9,'');

#
# Structure for table "jform_order_ticket"
#

DROP TABLE IF EXISTS `jform_order_ticket`;
CREATE TABLE `jform_order_ticket` (
  `id` varchar(36) NOT NULL,
  `ticket_code` varchar(100) NOT NULL COMMENT '航班号',
  `tickect_date` datetime NOT NULL COMMENT '航班时间',
  `fck_id` varchar(36) NOT NULL COMMENT '外键',
  PRIMARY KEY (`id`)
) ENGINE=InnoDB DEFAULT CHARSET=utf8;

#
# Data for table "jform_order_ticket"
#


#
# Structure for table "jg_person"
#

DROP TABLE IF EXISTS `jg_person`;
CREATE TABLE `jg_person` (
  `ID` varchar(32) NOT NULL,
  `AGE` int(11) DEFAULT NULL,
  `BIRTHDAY` datetime DEFAULT NULL,
  `CREATEDT` datetime DEFAULT NULL,
  `NAME` varchar(255) NOT NULL,
  `SALARY` decimal(19,2) DEFAULT NULL,
  PRIMARY KEY (`ID`)
) ENGINE=InnoDB DEFAULT CHARSET=utf8;

#
# Data for table "jg_person"
#

INSERT INTO `jg_person` VALUES ('297e97964dc3ba0e014dc3bff6610005',1,'2015-06-19 00:00:00','2015-06-17 20:43:56','1111111',1.00),('40283f824d840865014d8409064d0162',10,'2015-05-24 11:48:13','2015-05-24 11:48:13','小红',1000.00),('8a22800a4d9a4243014d9a72b441000d',11,'2015-05-20 00:00:00','2015-03-31 20:15:01','22222222',2222.00);

#
# Structure for table "lh"
#

DROP TABLE IF EXISTS `lh`;
CREATE TABLE `lh` (
  `ID` varchar(32) NOT NULL,
  `F_PATH` varchar(100) NOT NULL,
  PRIMARY KEY (`ID`)
) ENGINE=InnoDB DEFAULT CHARSET=utf8;

#
# Data for table "lh"
#

INSERT INTO `lh` VALUES ('1','LHMH_Rec');

#
# Structure for table "lh_apply"
#

DROP TABLE IF EXISTS `lh_apply`;
CREATE TABLE `lh_apply` (
  `COM_ID` varchar(32) NOT NULL DEFAULT '1' COMMENT '医院编号',
  `APPLY_ID` varchar(32) NOT NULL DEFAULT '' COMMENT '申请单号',
  `DATE1` varchar(32) NOT NULL DEFAULT '' COMMENT '申请日期',
  `PATIENT_ID` varchar(50) NOT NULL DEFAULT '' COMMENT '病人',
  `PATIENT_NAME` varchar(100) DEFAULT NULL COMMENT '病人姓名',
  `DOCTOR_ID` varchar(255) DEFAULT NULL COMMENT '医生编号',
  `DOCTOR_NAME` varchar(255) DEFAULT NULL COMMENT '医生姓名',
  `OFFICE_ID` varchar(32) DEFAULT NULL COMMENT '科室',
  `APCOM_ID` varchar(32) NOT NULL DEFAULT '' COMMENT '拟请会诊单位',
  `APOFFICE_ID` varchar(32) NOT NULL DEFAULT '' COMMENT '拟请会诊科室',
  `APDATE1` varchar(32) DEFAULT '' COMMENT '拟会诊时间',
  `ROOM_ID` varchar(50) DEFAULT '' COMMENT '会诊室',
  `STATUS` varchar(50) DEFAULT NULL COMMENT '申请单状态枚举APSTATUS',
  `CRT_USER` varchar(50) NOT NULL DEFAULT '' COMMENT '申请医师',
  `CRT_NAME` varchar(50) NOT NULL DEFAULT '' COMMENT '申请医师',
  `MANAGER` varchar(50) DEFAULT NULL COMMENT '科主任',
  `MANAGER_NAME` varchar(50) DEFAULT NULL COMMENT '科主任',
  `RETURN_RESION` varchar(100) DEFAULT NULL COMMENT '退回原因',
  `PBEGIN_DATE` varchar(32) DEFAULT '0' COMMENT '预计开始时间',
  `PEND_DATE` varchar(32) DEFAULT '0' COMMENT '预计结束时间',
  `FREE` decimal(18,2) DEFAULT '0.00' COMMENT '费用',
  `TOTAL_FREE` decimal(18,2) DEFAULT '0.00' COMMENT '费用总计',
  `BEGIN_DATE` varchar(32) DEFAULT '0' COMMENT '开始时间',
  `END_DATE` varchar(32) DEFAULT '0' COMMENT '结束时间',
  `RPT_USER` varchar(50) DEFAULT NULL COMMENT '报告人',
  `RPT_NAME` varchar(50) DEFAULT NULL COMMENT '报告人',
  `RPT_TYPE` varchar(2) DEFAULT NULL COMMENT '报告类型，枚举RTPTYPE',
  `DOCTOR_DETAIL` varchar(200) DEFAULT NULL COMMENT '会诊医生要求，如，主任医师等',
  `HIS_SUMMARY` varchar(255) DEFAULT '' COMMENT '病史摘要',
  `CUR_DETAIL` varchar(255) DEFAULT '' COMMENT '目前初步诊断与处理',
  `MEET_PURPOSE` varchar(255) DEFAULT '' COMMENT '会诊理由和目的',
  `RPT_DETAIL` varchar(255) DEFAULT '' COMMENT '会诊结果',
  `ID` varchar(32) DEFAULT NULL,
  PRIMARY KEY (`APPLY_ID`)
) ENGINE=InnoDB DEFAULT CHARSET=utf8;

#
# Data for table "lh_apply"
#

INSERT INTO `lh_apply` VALUES ('','201707160001','20170716','1','5',',','w,q','','8a2380e34d9ae790014d9afc13ac000c','','20170705','','01','admin','管理员','3','3工','','0','0',0.00,0.00,'0','0',NULL,NULL,NULL,NULL,'','','','','402881e75d494105015d494e8f6a0006'),('','201707160002','20170716','2','3',',','w,q','消化内科','8a2380e34d9ae790014d9afc13ac000c','消化内科','20170721','','01','admin','管理员','ff808081515d6a2601515d71c89e0008','11111','','0','0',0.00,0.00,'0','0',NULL,NULL,NULL,NULL,'','','','','ff8080815d49b98d015d49bb274f0001'),('','201707160003','20170716','','','','','','8a2380e34d9ae790014d9afc13ac000c','','','','00','admin','管理员','','','','0','0',0.00,0.00,'0','0',NULL,NULL,NULL,NULL,'11111','11111','','','ff8080815d49b98d015d49bcd69a0002');

#
# Structure for table "lh_apply_ext"
#

DROP TABLE IF EXISTS `lh_apply_ext`;
CREATE TABLE `lh_apply_ext` (
  `APPLY_ID` varchar(32) NOT NULL DEFAULT '' COMMENT '申请单号',
  `DOCTOR_DETAIL` varchar(200) DEFAULT NULL COMMENT '会诊医生要求，如，主任医师等',
  `HIS_SUMMARY` blob COMMENT '病史摘要',
  `CUR_DETAIL` blob COMMENT '目前初步诊断与处理',
  `MEET_PURPOSE` blob COMMENT '会诊理由和目的',
  `RPT_DETAIL` blob COMMENT '会诊结果',
  PRIMARY KEY (`APPLY_ID`)
) ENGINE=InnoDB DEFAULT CHARSET=utf8;

#
# Data for table "lh_apply_ext"
#

INSERT INTO `lh_apply_ext` VALUES ('111','11',X'3131',X'323232323232323232',X'323232323232',X'D6D0F7B5');

#
# Structure for table "lh_apply_file"
#

DROP TABLE IF EXISTS `lh_apply_file`;
CREATE TABLE `lh_apply_file` (
  `APPLY_ID` varchar(32) NOT NULL DEFAULT '' COMMENT '申请单号',
  `LINE_ID` varchar(32) NOT NULL DEFAULT '' COMMENT '行号',
  `FILE_TYPE` varchar(2) DEFAULT '' COMMENT '文件类型',
  `FILE_URL` varchar(50) DEFAULT '' COMMENT '文件路径',
  `FILE_MC` varchar(50) DEFAULT '' COMMENT '文件名',
  `IS_MRB` varchar(1) DEFAULT NULL COMMENT '是否使用0:否,1:是',
  PRIMARY KEY (`APPLY_ID`,`LINE_ID`)
) ENGINE=InnoDB DEFAULT CHARSET=utf8;

#
# Data for table "lh_apply_file"
#


#
# Structure for table "lh_apply_line"
#

DROP TABLE IF EXISTS `lh_apply_line`;
CREATE TABLE `lh_apply_line` (
  `APPLY_ID` varchar(32) NOT NULL DEFAULT '' COMMENT '申请单号',
  `LINE_ID` varchar(32) NOT NULL DEFAULT '' COMMENT '行号',
  `DOCTOR_ID` varchar(32) DEFAULT '' COMMENT '医生编号',
  `DOCTOR_NAME` varchar(50) DEFAULT '' COMMENT '医生姓名',
  `PAY_KIND` varchar(2) DEFAULT '' COMMENT '费用编号 取枚举PAYKIND',
  `IS_MRB` varchar(1) DEFAULT NULL COMMENT '是否使用0:否,1:是',
  PRIMARY KEY (`APPLY_ID`,`LINE_ID`)
) ENGINE=InnoDB DEFAULT CHARSET=utf8;

#
# Data for table "lh_apply_line"
#


#
# Structure for table "lh_channel"
#

DROP TABLE IF EXISTS `lh_channel`;
CREATE TABLE `lh_channel` (
  `ID` varchar(32) NOT NULL DEFAULT '',
  `COM_ID` varchar(32) NOT NULL DEFAULT '1' COMMENT '医院编号',
  `CHAN_ID` varchar(20) NOT NULL DEFAULT '' COMMENT '设备编号',
  `CHAN_NAME` varchar(100) DEFAULT NULL COMMENT '设备名称',
  `SHORT_NAME` varchar(100) DEFAULT NULL COMMENT '设备简称',
  `CHAN_TYPE` varchar(100) DEFAULT NULL COMMENT '设备类型,枚举CHANTYPE',
  `ROOM_ID` varchar(30) DEFAULT NULL COMMENT '会诊室',
  `CHAN_IP` varchar(20) DEFAULT NULL COMMENT 'IP地址',
  `CHAN_PORT` int(4) DEFAULT NULL COMMENT '端口',
  `CHAN_USER` varchar(20) DEFAULT NULL COMMENT '登录用户',
  `CHAN_PASS` varchar(32) DEFAULT NULL COMMENT '登录密码',
  `NVRIP` varchar(20) DEFAULT NULL COMMENT '存储IP',
  `STATUS` varchar(1) DEFAULT NULL COMMENT '状态',
  `NOTE` varchar(20) DEFAULT NULL COMMENT '备注',
  PRIMARY KEY (`COM_ID`,`CHAN_ID`)
) ENGINE=InnoDB DEFAULT CHARSET=utf8;

#
# Data for table "lh_channel"
#


#
# Structure for table "lh_doctor"
#

DROP TABLE IF EXISTS `lh_doctor`;
CREATE TABLE `lh_doctor` (
  `COM_ID` varchar(32) NOT NULL DEFAULT '1' COMMENT '医院编号',
  `DOCTOR_ID` varchar(32) NOT NULL DEFAULT '' COMMENT '医生编号',
  `DOCTOR_NAME` varchar(50) NOT NULL DEFAULT '' COMMENT '医生姓名',
  `OFFICE_ID` varchar(32) DEFAULT NULL COMMENT '科室',
  `POSITION_ID` varchar(10) DEFAULT NULL COMMENT '职务，岗位，取枚举POSITIONTYPE',
  `PAY_KIND` varchar(10) DEFAULT NULL COMMENT '收费类型标准，取枚举PAYKIND',
  `DOCTOR_PK` varchar(32) DEFAULT NULL COMMENT '用户编号',
  `TEL` varchar(50) DEFAULT NULL COMMENT '联系方式',
  `F_MEMO` varchar(255) DEFAULT NULL COMMENT '优势擅长',
  `id` varchar(32) DEFAULT NULL,
  PRIMARY KEY (`COM_ID`,`DOCTOR_ID`)
) ENGINE=InnoDB DEFAULT CHARSET=utf8;

#
# Data for table "lh_doctor"
#

INSERT INTO `lh_doctor` VALUES ('40283f824d840865014d840901ad0016','1','1','402881e85cc05308015cc059621b0005','01','','','','','402881e75d55a44e015d55ac44d30007'),('40283f824d840865014d840901ad0016','11','111','402881e85cc05308015cc059621b0005','01','01','11','11','11','402881e75d55a44e015d55b0257d000b'),('40283f824d840865014d840901ad0016','22','22','402881e85cc05308015cc059621b0005','01','02','www','','','402881e75d55a44e015d55aee1210009');

#
# Structure for table "lh_meetroom"
#

DROP TABLE IF EXISTS `lh_meetroom`;
CREATE TABLE `lh_meetroom` (
  `COM_ID` varchar(35) DEFAULT '1' COMMENT '所属单位',
  `ROOM_ID` varchar(20) NOT NULL DEFAULT '' COMMENT '会诊室编号',
  `ROOM_NAME` varchar(50) NOT NULL DEFAULT '' COMMENT '会诊室名称',
  `ROOM_TYPE` varchar(2) NOT NULL DEFAULT '' COMMENT '会诊室类型，取枚举ROOMTYPE',
  `ROOM_IP` varchar(20) DEFAULT '' COMMENT '会诊室IP',
  `NOTE` varchar(50) DEFAULT '' COMMENT '备注',
  `ID` varchar(32) DEFAULT NULL,
  PRIMARY KEY (`ROOM_ID`)
) ENGINE=InnoDB DEFAULT CHARSET=utf8;

#
# Data for table "lh_meetroom"
#

INSERT INTO `lh_meetroom` VALUES ('40283f824d840865014d840901ad0016','e','r','01','r','r','402881e75d4b4c16015d4b50b0540003'),('8a2380e34d9ae790014d9afc13ac000c','tt','tt','11','tt','tt','402881e75d4b4c16015d4b558c590006');

#
# Structure for table "lh_office111"
#

DROP TABLE IF EXISTS `lh_office111`;
CREATE TABLE `lh_office111` (
  `COM_ID` varchar(32) NOT NULL DEFAULT '1' COMMENT '医院编号',
  `OFFICE_ID` varchar(10) NOT NULL DEFAULT '' COMMENT '科室编号',
  `OFFICE_NAME` varchar(50) NOT NULL DEFAULT '' COMMENT '科室名称',
  `ID` varchar(32) DEFAULT '0',
  PRIMARY KEY (`COM_ID`,`OFFICE_ID`)
) ENGINE=InnoDB DEFAULT CHARSET=utf8;

#
# Data for table "lh_office111"
#


#
# Structure for table "lh_patientnouse"
#

DROP TABLE IF EXISTS `lh_patientnouse`;
CREATE TABLE `lh_patientnouse` (
  `COM_ID` varchar(32) NOT NULL DEFAULT '1' COMMENT '医院编号',
  `PATIENT_ID` varchar(20) NOT NULL DEFAULT '' COMMENT '住院号',
  `PATIENT_NAME` varchar(50) NOT NULL DEFAULT '' COMMENT '姓名',
  `PATIENT_AGE` varchar(50) NOT NULL DEFAULT '' COMMENT '年龄',
  `PATIENT_SEX` varchar(50) NOT NULL DEFAULT '' COMMENT '性别 枚举SEX',
  `OFFICE_ID` varchar(2) DEFAULT NULL COMMENT '科室',
  `MEDICAL_CARD` varchar(20) NOT NULL DEFAULT '' COMMENT '医保卡号',
  `PATIENT_PK` varchar(20) NOT NULL DEFAULT '' COMMENT '患者唯一编号',
  `F_MEMO` varchar(50) NOT NULL DEFAULT '' COMMENT '备注',
  `ID` varchar(32) DEFAULT NULL,
  PRIMARY KEY (`COM_ID`,`PATIENT_ID`)
) ENGINE=InnoDB DEFAULT CHARSET=utf8;

#
# Data for table "lh_patientnouse"
#

INSERT INTO `lh_patientnouse` VALUES ('1','1','5','1','1','1','1','2','2','1'),('1','2','3','4','4','5','5','5','5','2');

#
# Structure for table "office"
#

DROP TABLE IF EXISTS `office`;
CREATE TABLE `office` (
  `F_BH` varchar(10) NOT NULL DEFAULT '' COMMENT '科别编号',
  `F_NAME` varchar(50) NOT NULL DEFAULT '' COMMENT '科别名称',
  `ID` varchar(32) DEFAULT '0',
  PRIMARY KEY (`F_BH`)
) ENGINE=InnoDB DEFAULT CHARSET=utf8;

#
# Data for table "office"
#

INSERT INTO `office` VALUES ('00','第一','345'),('10','外科','10'),('11','内科','11'),('12','麻醉','12'),('13','眼科','13'),('15','伟 大','402881ee4f30e27f014f30e30f390001');

#
# Structure for table "ops_room"
#

DROP TABLE IF EXISTS `ops_room`;
CREATE TABLE `ops_room` (
  `F_ID` varchar(2) NOT NULL DEFAULT '' COMMENT '手术室编号',
  `F_NAME` varchar(50) NOT NULL DEFAULT '' COMMENT '手术室名称',
  `F_IP` varchar(20) NOT NULL DEFAULT '' COMMENT '手术室IP',
  `ID` varchar(32) DEFAULT NULL,
  PRIMARY KEY (`F_ID`)
) ENGINE=InnoDB DEFAULT CHARSET=utf8;

#
# Data for table "ops_room"
#

INSERT INTO `ops_room` VALUES ('00','产房手术室','192.168.1.229','1'),('01','急诊手术室','192.168.1.64','402881ee4f30e484014f30edaeb70008'),('02','万级手术室','192.168.1.64','402881ee4f30fbb4014f30fd057e0002'),('1','22','22','22');

#
# Structure for table "optimistic_locking"
#

DROP TABLE IF EXISTS `optimistic_locking`;
CREATE TABLE `optimistic_locking` (
  `ID` varchar(32) NOT NULL,
  `ACCOUNT` int(11) DEFAULT NULL,
  `AGE` int(11) DEFAULT NULL,
  `NAME` varchar(85) DEFAULT NULL,
  `VER` int(11) DEFAULT NULL,
  PRIMARY KEY (`ID`)
) ENGINE=InnoDB DEFAULT CHARSET=utf8;

#
# Data for table "optimistic_locking"
#


#
# Structure for table "ou"
#

DROP TABLE IF EXISTS `ou`;
CREATE TABLE `ou` (
  `Id` int(11) NOT NULL AUTO_INCREMENT,
  `SY` varchar(255) DEFAULT NULL,
  PRIMARY KEY (`Id`)
) ENGINE=InnoDB AUTO_INCREMENT=5 DEFAULT CHARSET=utf8;

#
# Data for table "ou"
#

INSERT INTO `ou` VALUES (4,'lZeVzc/Nz87Pzs/OiJCVlp4H7Q==');

#
# Structure for table "patieninfo"
#

DROP TABLE IF EXISTS `patieninfo`;
CREATE TABLE `patieninfo` (
  `COM_ID` varchar(32) NOT NULL DEFAULT '1' COMMENT '医院编号',
  `F_ID` varchar(20) NOT NULL DEFAULT '' COMMENT '住院号',
  `F_NAME` varchar(50) NOT NULL DEFAULT '' COMMENT '姓名',
  `F_AGE` varchar(50) NOT NULL DEFAULT '' COMMENT '年龄',
  `F_SEX` varchar(50) NOT NULL DEFAULT '' COMMENT '性别 枚举SEX',
  `F_TYPE` varchar(50) DEFAULT NULL COMMENT '科室OFFICE_ID',
  `MEDICAL_CARD` varchar(20) NOT NULL DEFAULT '' COMMENT '医保卡号',
  `PATIENT_PK` varchar(20) NOT NULL DEFAULT '' COMMENT '患者唯一识别编号',
  `F_MEMO` varchar(50) NOT NULL DEFAULT '' COMMENT '备注',
  `ID` varchar(32) DEFAULT NULL,
  PRIMARY KEY (`COM_ID`,`F_ID`)
) ENGINE=InnoDB DEFAULT CHARSET=utf8;

#
# Data for table "patieninfo"
#

INSERT INTO `patieninfo` VALUES ('1','201706110001','w222','2','0','00','','','2222','ff8080815c94db58015c94dbecd10001'),('1','201707160001','wee','eee','0','00','','','eee','402881e75d4b5caf015d4b6c44e40006');

#
# Structure for table "patieninfob"
#

DROP TABLE IF EXISTS `patieninfob`;
CREATE TABLE `patieninfob` (
  `F_ID` varchar(20) NOT NULL DEFAULT '' COMMENT '住院号',
  `F_NAME` varchar(50) NOT NULL DEFAULT '' COMMENT '姓名',
  `F_AGE` varchar(50) NOT NULL DEFAULT '' COMMENT '年龄',
  `F_SEX` varchar(50) NOT NULL DEFAULT '' COMMENT '性别',
  `F_TYPE` varchar(50) NOT NULL DEFAULT '' COMMENT '科别',
  `F_MEMO` varchar(50) NOT NULL DEFAULT '' COMMENT '备注',
  `ID` varchar(32) DEFAULT NULL,
  PRIMARY KEY (`F_ID`)
) ENGINE=InnoDB DEFAULT CHARSET=utf8;

#
# Data for table "patieninfob"
#

INSERT INTO `patieninfob` VALUES ('0129938839331','李花乐','0','0','10','','0129938839331'),('0129938839332','李花','0','0','10','','0129938839332');

#
# Structure for table "pbcatcol"
#

DROP TABLE IF EXISTS `pbcatcol`;
CREATE TABLE `pbcatcol` (
  `pbc_tnam` char(65) NOT NULL,
  `pbc_tid` int(11) DEFAULT NULL,
  `pbc_ownr` char(65) NOT NULL,
  `pbc_cnam` char(65) NOT NULL,
  `pbc_cid` smallint(6) DEFAULT NULL,
  `pbc_labl` varchar(254) DEFAULT NULL,
  `pbc_lpos` smallint(6) DEFAULT NULL,
  `pbc_hdr` varchar(254) DEFAULT NULL,
  `pbc_hpos` smallint(6) DEFAULT NULL,
  `pbc_jtfy` smallint(6) DEFAULT NULL,
  `pbc_mask` varchar(31) DEFAULT NULL,
  `pbc_case` smallint(6) DEFAULT NULL,
  `pbc_hght` smallint(6) DEFAULT NULL,
  `pbc_wdth` smallint(6) DEFAULT NULL,
  `pbc_ptrn` varchar(31) DEFAULT NULL,
  `pbc_bmap` char(1) DEFAULT NULL,
  `pbc_init` varchar(254) DEFAULT NULL,
  `pbc_cmnt` varchar(254) DEFAULT NULL,
  `pbc_edit` varchar(31) DEFAULT NULL,
  `pbc_tag` varchar(254) DEFAULT NULL,
  UNIQUE KEY `pbcatc_x` (`pbc_tnam`,`pbc_ownr`,`pbc_cnam`)
) ENGINE=InnoDB DEFAULT CHARSET=utf8;

#
# Data for table "pbcatcol"
#


#
# Structure for table "pbcatedt"
#

DROP TABLE IF EXISTS `pbcatedt`;
CREATE TABLE `pbcatedt` (
  `pbe_name` varchar(30) NOT NULL,
  `pbe_edit` varchar(254) DEFAULT NULL,
  `pbe_type` smallint(6) DEFAULT NULL,
  `pbe_cntr` int(11) DEFAULT NULL,
  `pbe_seqn` smallint(6) NOT NULL,
  `pbe_flag` int(11) DEFAULT NULL,
  `pbe_work` char(32) DEFAULT NULL,
  UNIQUE KEY `pbcate_x` (`pbe_name`,`pbe_seqn`)
) ENGINE=InnoDB DEFAULT CHARSET=utf8;

#
# Data for table "pbcatedt"
#

INSERT INTO `pbcatedt` VALUES ('#####','#####',90,1,1,32,'10'),('###,###.00','###,###.00',90,1,1,32,'10'),('###-##-####','###-##-####',90,1,1,32,'00'),('DD/MM/YY','DD/MM/YY',90,1,1,32,'20'),('DD/MM/YY HH:MM:SS','DD/MM/YY HH:MM:SS',90,1,1,32,'40'),('DD/MM/YY HH:MM:SS:FFFFFF','DD/MM/YY HH:MM:SS:FFFFFF',90,1,1,32,'40'),('DD/MM/YYYY','DD/MM/YYYY',90,1,1,32,'20'),('DD/MM/YYYY HH:MM:SS','DD/MM/YYYY HH:MM:SS',90,1,1,32,'40'),('DD/MMM/YY','DD/MMM/YY',90,1,1,32,'20'),('DD/MMM/YY HH:MM:SS','DD/MMM/YY HH:MM:SS',90,1,1,32,'40'),('HH:MM:SS','HH:MM:SS',90,1,1,32,'30'),('HH:MM:SS:FFF','HH:MM:SS:FFF',90,1,1,32,'30'),('HH:MM:SS:FFFFFF','HH:MM:SS:FFFFFF',90,1,1,32,'30'),('JJJ/YY','JJJ/YY',90,1,1,32,'20'),('JJJ/YY HH:MM:SS','JJJ/YY HH:MM:SS',90,1,1,32,'40'),('JJJ/YYYY','JJJ/YYYY',90,1,1,32,'20'),('JJJ/YYYY HH:MM:SS','JJJ/YYYY HH:MM:SS',90,1,1,32,'40'),('MM/DD/YY','MM/DD/YY',90,1,1,32,'20'),('MM/DD/YY HH:MM:SS','MM/DD/YY HH:MM:SS',90,1,1,32,'40'),('MM/DD/YYYY','MM/DD/YYYY',90,1,1,32,'20'),('MM/DD/YYYY HH:MM:SS','MM/DD/YYYY HH:MM:SS',90,1,1,32,'40');

#
# Structure for table "pbcatfmt"
#

DROP TABLE IF EXISTS `pbcatfmt`;
CREATE TABLE `pbcatfmt` (
  `pbf_name` varchar(30) NOT NULL,
  `pbf_frmt` varchar(254) DEFAULT NULL,
  `pbf_type` smallint(6) DEFAULT NULL,
  `pbf_cntr` int(11) DEFAULT NULL,
  UNIQUE KEY `pbcatf_x` (`pbf_name`)
) ENGINE=InnoDB DEFAULT CHARSET=utf8;

#
# Data for table "pbcatfmt"
#

INSERT INTO `pbcatfmt` VALUES ('#,##0','#,##0',81,0),('#,##0.00','#,##0.00',81,0),('$#,##0.00;($#,##0.00)','$#,##0.00;($#,##0.00)',81,0),('$#,##0.00;[RED]($#,##0.00)','$#,##0.00;[RED]($#,##0.00)',81,0),('$#,##0;($#,##0)','$#,##0;($#,##0)',81,0),('$#,##0;[RED]($#,##0)','$#,##0;[RED]($#,##0)',81,0),('0','0',81,0),('0%','0%',81,0),('0.00','0.00',81,0),('0.00%','0.00%',81,0),('0.00E+00','0.00E+00',81,0),('d-mmm','d-mmm',84,0),('d-mmm-yy','d-mmm-yy',84,0),('h:mm AM/PM','h:mm AM/PM',84,0),('h:mm:ss','h:mm:ss',84,0),('h:mm:ss AM/PM','h:mm:ss AM/PM',84,0),('m/d/yy','m/d/yy',84,0),('m/d/yy h:mm','m/d/yy h:mm',84,0),('mmm-yy','mmm-yy',84,0),('[General]','[General]',81,0);

#
# Structure for table "pbcattbl"
#

DROP TABLE IF EXISTS `pbcattbl`;
CREATE TABLE `pbcattbl` (
  `pbt_tnam` char(65) NOT NULL,
  `pbt_tid` int(11) DEFAULT NULL,
  `pbt_ownr` char(65) NOT NULL,
  `pbd_fhgt` smallint(6) DEFAULT NULL,
  `pbd_fwgt` smallint(6) DEFAULT NULL,
  `pbd_fitl` char(1) DEFAULT NULL,
  `pbd_funl` char(1) DEFAULT NULL,
  `pbd_fchr` smallint(6) DEFAULT NULL,
  `pbd_fptc` smallint(6) DEFAULT NULL,
  `pbd_ffce` char(18) DEFAULT NULL,
  `pbh_fhgt` smallint(6) DEFAULT NULL,
  `pbh_fwgt` smallint(6) DEFAULT NULL,
  `pbh_fitl` char(1) DEFAULT NULL,
  `pbh_funl` char(1) DEFAULT NULL,
  `pbh_fchr` smallint(6) DEFAULT NULL,
  `pbh_fptc` smallint(6) DEFAULT NULL,
  `pbh_ffce` char(18) DEFAULT NULL,
  `pbl_fhgt` smallint(6) DEFAULT NULL,
  `pbl_fwgt` smallint(6) DEFAULT NULL,
  `pbl_fitl` char(1) DEFAULT NULL,
  `pbl_funl` char(1) DEFAULT NULL,
  `pbl_fchr` smallint(6) DEFAULT NULL,
  `pbl_fptc` smallint(6) DEFAULT NULL,
  `pbl_ffce` char(18) DEFAULT NULL,
  `pbt_cmnt` varchar(254) DEFAULT NULL,
  UNIQUE KEY `pbcatt_x` (`pbt_tnam`,`pbt_ownr`)
) ENGINE=InnoDB DEFAULT CHARSET=utf8;

#
# Data for table "pbcattbl"
#


#
# Structure for table "pbcatvld"
#

DROP TABLE IF EXISTS `pbcatvld`;
CREATE TABLE `pbcatvld` (
  `pbv_name` varchar(30) NOT NULL,
  `pbv_vald` varchar(254) DEFAULT NULL,
  `pbv_type` smallint(6) DEFAULT NULL,
  `pbv_cntr` int(11) DEFAULT NULL,
  `pbv_msg` varchar(254) DEFAULT NULL,
  UNIQUE KEY `pbcatv_x` (`pbv_name`)
) ENGINE=InnoDB DEFAULT CHARSET=utf8;

#
# Data for table "pbcatvld"
#


#
# Structure for table "server"
#

DROP TABLE IF EXISTS `server`;
CREATE TABLE `server` (
  `Id` int(11) NOT NULL AUTO_INCREMENT,
  PRIMARY KEY (`Id`)
) ENGINE=InnoDB DEFAULT CHARSET=utf8;

#
# Data for table "server"
#


#
# Structure for table "sex"
#

DROP TABLE IF EXISTS `sex`;
CREATE TABLE `sex` (
  `F_BH` varchar(10) NOT NULL DEFAULT '' COMMENT '编号',
  `F_NAME` varchar(50) NOT NULL DEFAULT '' COMMENT '名称',
  PRIMARY KEY (`F_BH`)
) ENGINE=InnoDB DEFAULT CHARSET=utf8;

#
# Data for table "sex"
#

INSERT INTO `sex` VALUES ('0','男'),('1','女'),('5','afa');

#
# Structure for table "t_finance"
#

DROP TABLE IF EXISTS `t_finance`;
CREATE TABLE `t_finance` (
  `ID` varchar(32) NOT NULL,
  `APPROFILETYPE` varchar(255) DEFAULT NULL,
  `BUYMONEY` float DEFAULT NULL,
  `BUYPROJECTNO` varchar(255) DEFAULT NULL,
  `BUYPROJECTORG` varchar(255) DEFAULT NULL,
  `BUYUSE` varchar(255) DEFAULT NULL,
  `BUYYEAR` varchar(255) DEFAULT NULL,
  `CATEGORY` varchar(255) DEFAULT NULL,
  `COLLECTORG` varchar(255) DEFAULT NULL,
  `EXPENSEACCOUNT` varchar(255) DEFAULT NULL,
  `HAPPENYEAR` int(11) DEFAULT NULL,
  `MONEYAREA` varchar(255) DEFAULT NULL,
  `MONEYSOURCE` varchar(255) DEFAULT NULL,
  `MONEYTOTAL` float DEFAULT NULL,
  `MONEYUSE` varchar(255) DEFAULT NULL,
  `PAYTIME` datetime DEFAULT NULL,
  `ZBWNO` varchar(255) DEFAULT NULL,
  PRIMARY KEY (`ID`)
) ENGINE=InnoDB DEFAULT CHARSET=utf8;

#
# Data for table "t_finance"
#

INSERT INTO `t_finance` VALUES ('ff8080814dd89d7d014dd89eab6e0001','',NULL,NULL,NULL,NULL,NULL,'','11','',111,NULL,NULL,NULL,NULL,'2015-06-18 00:00:00','');

#
# Structure for table "t_s_busstype"
#

DROP TABLE IF EXISTS `t_s_busstype`;
CREATE TABLE `t_s_busstype` (
  `ID` varchar(32) NOT NULL,
  `BUSSTYPE_ID` varchar(32) NOT NULL,
  `BUSSTYPE_NAME` varchar(100) NOT NULL,
  `BUSSTYPE_LEVEL` smallint(6) DEFAULT NULL,
  `MONTH` int(11) DEFAULT '0',
  `NOTE` varchar(100) DEFAULT NULL,
  `PARENTFUNCTIONID` varchar(32) DEFAULT NULL,
  PRIMARY KEY (`ID`)
) ENGINE=InnoDB DEFAULT CHARSET=utf8;

#
# Data for table "t_s_busstype"
#


#
# Structure for table "t_s_category"
#

DROP TABLE IF EXISTS `t_s_category`;
CREATE TABLE `t_s_category` (
  `ID` varchar(36) NOT NULL,
  `CODE` varchar(32) DEFAULT NULL,
  `CREATE_BY` varchar(50) DEFAULT NULL,
  `CREATE_DATE` datetime DEFAULT NULL,
  `CREATE_NAME` varchar(50) DEFAULT NULL,
  `NAME` varchar(32) DEFAULT NULL,
  `SYS_COMPANY_CODE` varchar(15) DEFAULT NULL,
  `SYS_ORG_CODE` varchar(15) DEFAULT NULL,
  `UPDATE_BY` varchar(50) DEFAULT NULL,
  `UPDATE_DATE` datetime DEFAULT NULL,
  `UPDATE_NAME` varchar(50) DEFAULT NULL,
  `ICON_ID` varchar(32) DEFAULT NULL,
  `PARENT_CODE` varchar(32) DEFAULT NULL,
  PRIMARY KEY (`ID`)
) ENGINE=InnoDB DEFAULT CHARSET=utf8;

#
# Data for table "t_s_category"
#


#
# Structure for table "t_s_data_rule"
#

DROP TABLE IF EXISTS `t_s_data_rule`;
CREATE TABLE `t_s_data_rule` (
  `ID` varchar(32) NOT NULL,
  `create_by` varchar(32) NOT NULL,
  `create_date` datetime NOT NULL,
  `create_name` varchar(32) NOT NULL,
  `rule_column` varchar(100) NOT NULL,
  `rule_conditions` varchar(100) NOT NULL,
  `rule_name` varchar(32) NOT NULL,
  `rule_value` varchar(100) NOT NULL,
  `update_by` varchar(32) NOT NULL,
  `update_date` datetime NOT NULL,
  `update_name` varchar(32) NOT NULL,
  `functionId` varchar(32) DEFAULT NULL,
  PRIMARY KEY (`ID`)
) ENGINE=InnoDB DEFAULT CHARSET=utf8;

#
# Data for table "t_s_data_rule"
#


#
# Structure for table "t_s_data_source"
#

DROP TABLE IF EXISTS `t_s_data_source`;
CREATE TABLE `t_s_data_source` (
  `ID` varchar(36) NOT NULL,
  `DB_KEY` varchar(50) NOT NULL,
  `DB_PASSWORD` varchar(50) DEFAULT NULL,
  `DB_TYPE` varchar(50) DEFAULT NULL,
  `DB_USER` varchar(50) NOT NULL,
  `DESCRIPTION` varchar(50) NOT NULL,
  `DRIVER_CLASS` varchar(50) NOT NULL,
  `URL` varchar(100) NOT NULL,
  PRIMARY KEY (`ID`)
) ENGINE=InnoDB DEFAULT CHARSET=utf8;

#
# Data for table "t_s_data_source"
#


#
# Structure for table "t_s_demo"
#

DROP TABLE IF EXISTS `t_s_demo`;
CREATE TABLE `t_s_demo` (
  `ID` varchar(32) NOT NULL,
  `democode` longtext,
  `demoorder` smallint(6) DEFAULT NULL,
  `demotitle` varchar(200) DEFAULT NULL,
  `demourl` varchar(200) DEFAULT NULL,
  `demopid` varchar(32) DEFAULT NULL,
  PRIMARY KEY (`ID`),
  KEY `FK_fni8e3v88wcf2sahhlv57u4nm` (`demopid`),
  CONSTRAINT `FK_fni8e3v88wcf2sahhlv57u4nm` FOREIGN KEY (`demopid`) REFERENCES `t_s_demo` (`ID`)
) ENGINE=InnoDB DEFAULT CHARSET=utf8;

#
# Data for table "t_s_demo"
#


#
# Structure for table "t_s_depart"
#

DROP TABLE IF EXISTS `t_s_depart`;
CREATE TABLE `t_s_depart` (
  `ID` varchar(32) NOT NULL,
  `departname` varchar(100) NOT NULL,
  `description` longtext,
  `parentdepartid` varchar(32) DEFAULT NULL,
  PRIMARY KEY (`ID`),
  KEY `FK_knnm3wb0bembwvm0il7tf6686` (`parentdepartid`),
  CONSTRAINT `FK_knnm3wb0bembwvm0il7tf6686` FOREIGN KEY (`parentdepartid`) REFERENCES `t_s_depart` (`ID`)
) ENGINE=InnoDB DEFAULT CHARSET=utf8;

#
# Data for table "t_s_depart"
#

INSERT INTO `t_s_depart` VALUES ('40283f824d840865014d8409019f0015','信息中心','12',NULL),('8a2380e34d9ae790014d9afc13ac000c','省立医院','com',NULL),('40283f824d840865014d840901ad0016','设计部','com',NULL),('40283f824d840865014d840901af0017','研发室','研发技术难题','40283f824d840865014d840901ad0016'),('402881e85cc05308015cc058b0170003','内科X','','8a2380e34d9ae790014d9afc13ac000c'),('402881e85cc05308015cc059621b0005','消化内科','1','402881e85cc05308015cc058b0170003'),('402881e85cc05308015cc05a22db0007','呼吸内科','1','402881e85cc05308015cc058b0170003'),('402881e85cc05308015cc05a709f0009','外科X','1','8a2380e34d9ae790014d9afc13ac000c');

#
# Structure for table "t_s_base_user"
#

DROP TABLE IF EXISTS `t_s_base_user`;
CREATE TABLE `t_s_base_user` (
  `ID` varchar(32) NOT NULL,
  `activitiSync` smallint(6) DEFAULT NULL,
  `browser` varchar(20) DEFAULT NULL,
  `password` varchar(100) DEFAULT NULL,
  `realname` varchar(50) DEFAULT NULL,
  `signature` blob,
  `status` smallint(6) DEFAULT NULL,
  `userkey` varchar(200) DEFAULT NULL,
  `username` varchar(10) NOT NULL,
  `departid` varchar(32) DEFAULT NULL,
  PRIMARY KEY (`ID`),
  KEY `FK_15jh1g4iem1857546ggor42et` (`departid`),
  CONSTRAINT `FK_15jh1g4iem1857546ggor42et` FOREIGN KEY (`departid`) REFERENCES `t_s_depart` (`ID`)
) ENGINE=InnoDB DEFAULT CHARSET=utf8;

#
# Data for table "t_s_base_user"
#

INSERT INTO `t_s_base_user` VALUES ('40283f824d840865014d840902590044',NULL,NULL,'c44b01947c9e6e3f','管理员',NULL,1,NULL,'admin','402881e85cc05308015cc059621b0005'),('ff8081814edcd045014edcdec7920001',NULL,NULL,'f9b1737097fd466b2bb5bfc3e786d100','fs.4 人F个个',NULL,1,NULL,'fs.4 人','40283f824d840865014d8409019f0015'),('ff8081814edcd045014eddd62ad80026',NULL,NULL,'775a3f43c746ac75','443',NULL,1,NULL,'hh 2','40283f824d840865014d8409019f0015');

#
# Structure for table "t_s_fileno"
#

DROP TABLE IF EXISTS `t_s_fileno`;
CREATE TABLE `t_s_fileno` (
  `ID` varchar(32) NOT NULL,
  `filenobefore` varchar(32) DEFAULT NULL,
  `filenonum` int(11) DEFAULT NULL,
  `filenotype` varchar(32) DEFAULT NULL,
  `filenoYear` date DEFAULT NULL,
  PRIMARY KEY (`ID`)
) ENGINE=InnoDB DEFAULT CHARSET=utf8;

#
# Data for table "t_s_fileno"
#


#
# Structure for table "t_s_function"
#

DROP TABLE IF EXISTS `t_s_function`;
CREATE TABLE `t_s_function` (
  `ID` varchar(32) NOT NULL,
  `functioniframe` smallint(6) DEFAULT NULL,
  `functionlevel` smallint(6) DEFAULT NULL,
  `functionname` varchar(50) NOT NULL,
  `functionorder` varchar(255) DEFAULT NULL,
  `functionurl` varchar(100) DEFAULT NULL,
  `parentfunctionid` varchar(32) DEFAULT NULL,
  `iconid` varchar(32) DEFAULT NULL,
  PRIMARY KEY (`ID`)
) ENGINE=InnoDB DEFAULT CHARSET=utf8;

#
# Data for table "t_s_function"
#

INSERT INTO `t_s_function` VALUES ('40283f824d840865014d840901c40019',NULL,0,'系统管理','5','',NULL,'40283f824d840865014d840901870005'),('40283f824d840865014d840901c6001a',NULL,0,'统计查询','6','',NULL,'40283f824d840865014d840901890007'),('40283f824d840865014d840901c9001c',NULL,0,'系统监控','11','',NULL,'40283f824d840865014d840901840002'),('40283f824d840865014d840901cc001d',NULL,1,'用户管理','5','userController.do?user','40283f824d840865014d840901c40019','40283f824d840865014d840901840002'),('40283f824d840865014d840901ce001e',NULL,1,'角色管理','6','roleController.do?role','40283f824d840865014d840901c40019','40283f824d840865014d840901840002'),('40283f824d840865014d840901d0001f',NULL,1,'菜单管理','7','functionController.do?function','40283f824d840865014d840901c40019','40283f824d840865014d840901840002'),('40283f824d840865014d840901d30020',NULL,1,'数据字典','6','systemController.do?typeGroupList','40283f824d840865014d840901c40019','40283f824d840865014d840901840002'),('40283f824d840865014d840901d60021',NULL,1,'图标管理','18','iconController.do?icon','40283f824d840865014d840901c40019','40283f824d840865014d840901840002'),('40283f824d840865014d840901d80022',NULL,1,'部门管理','22','departController.do?depart','40283f824d840865014d840901c40019','40283f824d840865014d840901840002'),('40283f824d840865014d840901da0023',NULL,1,'地域管理','22','territoryController.do?territory','40283f824d840865014d840901c40019','40283f824d840865014d840901830001'),('40283f824d840865014d840901de0024',NULL,1,'用户分析','17','logController.do?statisticTabs&isIframe','40283f824d840865014d840901c6001a','40283f824d840865014d840901830001'),('40283f824d840865014d840901e70027',NULL,1,'数据监控','11','dataSourceController.do?goDruid&isIframe','40283f824d840865014d840901c9001c','40283f824d840865014d840901840002'),('40283f824d840865014d840901eb0028',NULL,1,'系统日志','21','logController.do?log','40283f824d840865014d840901c9001c','40283f824d840865014d840901840002'),('40283f824d840865014d840901f00029',NULL,1,'定时任务','21','timeTaskController.do?timeTask','40283f824d840865014d840901c9001c','40283f824d840865014d840901840002'),('40283f824d840865014d840902450040',NULL,1,'报表示例','21','reportDemoController.do?studentStatisticTabs&isIframe','40283f824d840865014d840901c6001a','40283f824d840865014d840901830001'),('402881e45e0f1409015e0f1639bb0001',NULL,0,'会诊业务','0','',NULL,'40283f824d840865014d840901840002'),('402881e45e0f1409015e0f177af70004',NULL,1,'会诊审核','2','applyauditController.do?applyaudit','402881e45e0f1409015e0f1639bb0001','40283f824d840865014d840901840002'),('402881e45e0f1409015e0f1861930006',NULL,1,'会诊安排','3','applyplanController.do?applyplan','402881e45e0f1409015e0f1639bb0001','40283f824d840865014d840901840002'),('402881e45e0f1409015e0f1911850008',NULL,1,'远程会诊','4','applyrangeController.do?applyrange','402881e45e0f1409015e0f1639bb0001','40283f824d840865014d840901840002'),('402881e45e0f1409015e0f19bba3000a',NULL,1,'会诊完成','5','applyfinishController.do?applyfinish','402881e45e0f1409015e0f1639bb0001','40283f824d840865014d840901840002'),('402881e45e0f1409015e0f1adaaa000d',NULL,1,'申请单查询','6','applyqueryController.do?applyquery','402881e45e0f1409015e0f1639bb0001','40283f824d840865014d840901840002'),('402881ee4f30d256014f30d3dd330001',NULL,0,'基础数据','2','',NULL,'40283f824d840865014d840901840002'),('402881ee4f30d256014f30d48fcd0003',NULL,1,'科别管理','1','officeController.do?office','402881ee4f30d256014f30d3dd330001','40283f824d840865014d840901840002'),('402881ee4f30d256014f30d580f50005',NULL,1,'手 术 室','2','ops_roomController.do?ops_room','402881ee4f30d256014f30d3dd330001','40283f824d840865014d840901840002'),('402881ee4f30d256014f30d735a00009',NULL,1,'病人信息','4','patieninfoController.do?patieninfo','402881ee4f30d256014f30d3dd330001','40283f824d840865014d840901840002'),('4028ab0c5d225be5015d2261dd280001',NULL,1,'会诊申请','1','applyController.do?apply','402881e45e0f1409015e0f1639bb0001','40283f824d840865014d840901840002'),('8a8a8b8b505aa52501505aa686570001',NULL,1,'验证码维护','20','ouController.do?ou','40283f824d840865014d840901c40019','40283f824d840865014d840901840002'),('8a8a8b9e4f448b6b014f448d74c60001',NULL,1,'通道管理','5','channelController.do?channel','402881ee4f30d256014f30d3dd330001','40283f824d840865014d840901840002'),('8a8a8be2515be3aa01515be7a7c50009',NULL,1,'医护人员','80','doctorController.do?doctor','402881ee4f30d256014f30d3dd330001','40283f824d840865014d840901840002'),('ff8080814f2be3ae014f2bf14f320028',NULL,1,'存储设置','2','filerootController.do?fileroot','40283f824d840865014d840901c40019','40283f824d840865014d840901840002'),('ff8080815c94db58015c950e553c002b',NULL,0,'会诊数据','3','',NULL,'40283f824d840865014d840901890007'),('ff8080815c955db7015c956185a50002',NULL,1,'会诊室管理','1','lhMeetRoomController.do?lhMeetRoom','ff8080815c94db58015c950e553c002b','40283f824d840865014d840901840002'),('ff8080815c955db7015c9562ae2a0005',NULL,1,'医生管理','2','lhdoctorController.do?lhdoctor','ff8080815c94db58015c950e553c002b','40283f824d840865014d840901840002'),('ff8080815c955db7015c956368f00007',NULL,1,'科室管理','3','lhOfficeController.do?lhOffice','ff8080815c94db58015c950e553c002b','40283f824d840865014d840901840002'),('ff8080815c955db7015c95641c950009',NULL,1,'病人管理','4','lhPatieninfoController.do?lhPatieninfo','ff8080815c94db58015c950e553c002b','40283f824d840865014d840901840002'),('ff8081814ea180ef014ea19e00730008',NULL,1,'员工管理','9','employeeController.do?employee','40283f824d840865014d840901c40019','40283f824d840865014d840901840002');

#
# Structure for table "t_s_icon"
#

DROP TABLE IF EXISTS `t_s_icon`;
CREATE TABLE `t_s_icon` (
  `ID` varchar(32) NOT NULL,
  `extend` varchar(255) DEFAULT NULL,
  `iconclas` varchar(200) DEFAULT NULL,
  `content` blob,
  `name` varchar(100) NOT NULL,
  `path` longtext,
  `type` smallint(6) DEFAULT NULL,
  PRIMARY KEY (`ID`)
) ENGINE=InnoDB DEFAULT CHARSET=utf8;

#
# Data for table "t_s_icon"
#

INSERT INTO `t_s_icon` VALUES ('40283f824d840865014d8409015d0000','png','back',NULL,'返回','plug-in/accordion/images/back.png',1),('40283f824d840865014d840901830001','png','pie',NULL,'饼图','plug-in/accordion/images/pie.png',1),('40283f824d840865014d840901840002','png','pictures',NULL,'图片','plug-in/accordion/images/pictures.png',1),('40283f824d840865014d840901850003','png','pencil',NULL,'笔','plug-in/accordion/images/pencil.png',1),('40283f824d840865014d840901850004','png','map',NULL,'地图','plug-in/accordion/images/map.png',1),('40283f824d840865014d840901870005','png','group_add',NULL,'组','plug-in/accordion/images/group_add.png',1),('40283f824d840865014d840901880006','png','calculator',NULL,'计算器','plug-in/accordion/images/calculator.png',1),('40283f824d840865014d840901890007','png','folder',NULL,'文件夹','plug-in/accordion/images/folder.png',1);

#
# Structure for table "t_s_muti_lang"
#

DROP TABLE IF EXISTS `t_s_muti_lang`;
CREATE TABLE `t_s_muti_lang` (
  `ID` varchar(32) NOT NULL,
  `CREATE_BY` varchar(50) NOT NULL,
  `CREATE_DATE` datetime NOT NULL,
  `CREATE_NAME` varchar(50) NOT NULL,
  `LANG_CODE` varchar(50) NOT NULL,
  `LANG_CONTEXT` longtext NOT NULL,
  `LANG_KEY` varchar(50) NOT NULL,
  `UPDATE_BY` varchar(50) NOT NULL,
  `UPDATE_DATE` datetime NOT NULL,
  `UPDATE_NAME` varchar(50) NOT NULL,
  PRIMARY KEY (`ID`)
) ENGINE=InnoDB DEFAULT CHARSET=utf8;

#
# Data for table "t_s_muti_lang"
#


#
# Structure for table "t_s_operation"
#

DROP TABLE IF EXISTS `t_s_operation`;
CREATE TABLE `t_s_operation` (
  `ID` varchar(32) NOT NULL,
  `operationcode` varchar(50) DEFAULT NULL,
  `operationicon` varchar(100) DEFAULT NULL,
  `operationname` varchar(50) DEFAULT NULL,
  `status` smallint(6) DEFAULT NULL,
  `functionid` varchar(32) DEFAULT NULL,
  `iconid` varchar(32) DEFAULT NULL,
  PRIMARY KEY (`ID`)
) ENGINE=InnoDB DEFAULT CHARSET=utf8;

#
# Data for table "t_s_operation"
#

INSERT INTO `t_s_operation` VALUES ('40283f824d840865014d84090301006a','add',NULL,'录入',NULL,'40283f824d840865014d840901f9002b','40283f824d840865014d8409015d0000'),('40283f824d840865014d84090305006b','edit',NULL,'编辑',NULL,'40283f824d840865014d840901f9002b','40283f824d840865014d8409015d0000'),('40283f824d840865014d84090308006c','del',NULL,'删除',NULL,'40283f824d840865014d840901f9002b','40283f824d840865014d8409015d0000'),('40283f824d840865014d8409030c006d','szqm',NULL,'审核',NULL,'40283f824d840865014d840901f9002b','40283f824d840865014d8409015d0000');

#
# Structure for table "t_s_opintemplate"
#

DROP TABLE IF EXISTS `t_s_opintemplate`;
CREATE TABLE `t_s_opintemplate` (
  `ID` varchar(32) NOT NULL,
  `descript` varchar(100) DEFAULT NULL,
  PRIMARY KEY (`ID`)
) ENGINE=InnoDB DEFAULT CHARSET=utf8;

#
# Data for table "t_s_opintemplate"
#


#
# Structure for table "t_s_role"
#

DROP TABLE IF EXISTS `t_s_role`;
CREATE TABLE `t_s_role` (
  `ID` varchar(32) NOT NULL,
  `rolecode` varchar(10) DEFAULT NULL,
  `rolename` varchar(100) NOT NULL,
  PRIMARY KEY (`ID`)
) ENGINE=InnoDB DEFAULT CHARSET=utf8;

#
# Data for table "t_s_role"
#

INSERT INTO `t_s_role` VALUES ('40283f824d840865014d8409024b0042','admin','管理员');

#
# Structure for table "t_s_role_function"
#

DROP TABLE IF EXISTS `t_s_role_function`;
CREATE TABLE `t_s_role_function` (
  `ID` varchar(32) NOT NULL,
  `operation` varchar(100) DEFAULT NULL,
  `functionid` varchar(32) DEFAULT NULL,
  `roleid` varchar(32) DEFAULT NULL,
  PRIMARY KEY (`ID`)
) ENGINE=InnoDB DEFAULT CHARSET=utf8;

#
# Data for table "t_s_role_function"
#

INSERT INTO `t_s_role_function` VALUES ('40283f824d840865014d840903220070',NULL,'40283f824d840865014d840901c40019','40283f824d840865014d8409024b0042'),('40283f824d840865014d8409033c0078',NULL,'40283f824d840865014d840901cc001d','40283f824d840865014d8409024b0042'),('40283f824d840865014d84090342007a',NULL,'40283f824d840865014d840901ce001e','40283f824d840865014d8409024b0042'),('40283f824d840865014d84090349007c',NULL,'40283f824d840865014d840901d0001f','40283f824d840865014d8409024b0042'),('40283f824d840865014d84090353007e',NULL,'40283f824d840865014d840901d30020','40283f824d840865014d8409024b0042'),('40283f824d840865014d8409035c0080',NULL,'40283f824d840865014d840901d60021','40283f824d840865014d8409024b0042'),('40283f824d840865014d840903620082',NULL,'40283f824d840865014d840901d80022','40283f824d840865014d8409024b0042'),('40283f824d840865014d840903680084',NULL,'40283f824d840865014d840901da0023','40283f824d840865014d8409024b0042'),('402881e45d31db62015d31de4b9a0003',NULL,'4028ab0c5d225be5015d2261dd280001','40283f824d840865014d8409024b0042'),('402881e45e0f1409015e0f1b8253000f',NULL,'402881e45e0f1409015e0f19bba3000a','40283f824d840865014d8409024b0042'),('402881e45e0f1409015e0f1b82550010',NULL,'402881e45e0f1409015e0f1adaaa000d','40283f824d840865014d8409024b0042'),('402881e45e0f1409015e0f1b82550011',NULL,'402881e45e0f1409015e0f1639bb0001','40283f824d840865014d8409024b0042'),('402881e45e0f1409015e0f1b82550012',NULL,'402881e45e0f1409015e0f1861930006','40283f824d840865014d8409024b0042'),('402881e45e0f1409015e0f1b82550013',NULL,'402881e45e0f1409015e0f177af70004','40283f824d840865014d8409024b0042'),('402881e45e0f1409015e0f1b82550014',NULL,'402881e45e0f1409015e0f1911850008','40283f824d840865014d8409024b0042'),('402881ee4f30d256014f30d972f3001c',NULL,'402881ee4f30d256014f30d580f50005','40283f824d840865014d8409024b0042'),('402881ee4f30d256014f30d972f3001d',NULL,'402881ee4f30d256014f30d48fcd0003','40283f824d840865014d8409024b0042'),('402881ee4f30d256014f30d972f3001e',NULL,'402881ee4f30d256014f30d735a00009','40283f824d840865014d8409024b0042'),('402881ee4f30d256014f30d972f30020',NULL,'402881ee4f30d256014f30d3dd330001','40283f824d840865014d8409024b0042'),('8a8a8b8b505aa52501505aa6cd160003',NULL,'8a8a8b8b505aa52501505aa686570001','40283f824d840865014d8409024b0042'),('8a8a8b9e4f448b6b014f448dafbf0003',NULL,'8a8a8b9e4f448b6b014f448d74c60001','40283f824d840865014d8409024b0042'),('8a8a8be2515be3aa01515be83a97000b',NULL,'8a8a8be2515be3aa01515be7a7c50009','40283f824d840865014d8409024b0042'),('ff8080814f2be3ae014f2be8d9b20006',NULL,'40283f824d840865014d840901c9001c','40283f824d840865014d8409024b0042'),('ff8080814f2be3ae014f2be8d9b30007',NULL,'40283f824d840865014d840901eb0028','40283f824d840865014d8409024b0042'),('ff8080814f2be3ae014f2bf17a4b002b',NULL,'ff8080814f2be3ae014f2bf14f320028','40283f824d840865014d8409024b0042'),('ff8080815c955db7015c9567bc07000b',NULL,'ff8080815c955db7015c9562ae2a0005','40283f824d840865014d8409024b0042'),('ff8080815c955db7015c9567bc07000e',NULL,'ff8080815c94db58015c950e553c002b','40283f824d840865014d8409024b0042'),('ff8080815c955db7015c9567bc07000f',NULL,'ff8080815c955db7015c956185a50002','40283f824d840865014d8409024b0042');

#
# Structure for table "t_s_role_org"
#

DROP TABLE IF EXISTS `t_s_role_org`;
CREATE TABLE `t_s_role_org` (
  `ID` varchar(32) NOT NULL,
  `org_id` varchar(32) DEFAULT NULL,
  `role_id` varchar(32) DEFAULT NULL,
  PRIMARY KEY (`ID`)
) ENGINE=InnoDB DEFAULT CHARSET=utf8;

#
# Data for table "t_s_role_org"
#


#
# Structure for table "t_s_sms"
#

DROP TABLE IF EXISTS `t_s_sms`;
CREATE TABLE `t_s_sms` (
  `ID` varchar(36) NOT NULL,
  `CREATE_BY` varchar(50) DEFAULT NULL,
  `CREATE_DATE` datetime DEFAULT NULL,
  `CREATE_NAME` varchar(50) DEFAULT NULL,
  `ES_CONTENT` longtext,
  `ES_RECEIVER` varchar(50) DEFAULT NULL,
  `ES_SENDER` varchar(50) DEFAULT NULL,
  `ES_SENDTIME` datetime DEFAULT NULL,
  `ES_STATUS` varchar(1) DEFAULT NULL,
  `ES_TITLE` varchar(32) DEFAULT NULL,
  `ES_TYPE` varchar(1) DEFAULT NULL,
  `UPDATE_BY` varchar(50) DEFAULT NULL,
  `UPDATE_DATE` datetime DEFAULT NULL,
  `UPDATE_NAME` varchar(50) DEFAULT NULL,
  PRIMARY KEY (`ID`)
) ENGINE=InnoDB DEFAULT CHARSET=utf8;

#
# Data for table "t_s_sms"
#


#
# Structure for table "t_s_sms_sql"
#

DROP TABLE IF EXISTS `t_s_sms_sql`;
CREATE TABLE `t_s_sms_sql` (
  `ID` varchar(36) NOT NULL,
  `CREATE_BY` varchar(50) DEFAULT NULL,
  `CREATE_DATE` datetime DEFAULT NULL,
  `CREATE_NAME` varchar(50) DEFAULT NULL,
  `SQL_CONTENT` longtext,
  `SQL_NAME` varchar(32) DEFAULT NULL,
  `UPDATE_BY` varchar(50) DEFAULT NULL,
  `UPDATE_DATE` datetime DEFAULT NULL,
  `UPDATE_NAME` varchar(50) DEFAULT NULL,
  PRIMARY KEY (`ID`)
) ENGINE=InnoDB DEFAULT CHARSET=utf8;

#
# Data for table "t_s_sms_sql"
#


#
# Structure for table "t_s_sms_template"
#

DROP TABLE IF EXISTS `t_s_sms_template`;
CREATE TABLE `t_s_sms_template` (
  `ID` varchar(36) NOT NULL,
  `CREATE_BY` varchar(50) DEFAULT NULL,
  `CREATE_DATE` datetime DEFAULT NULL,
  `CREATE_NAME` varchar(50) DEFAULT NULL,
  `TEMPLATE_CONTENT` longtext,
  `TEMPLATE_NAME` varchar(50) DEFAULT NULL,
  `TEMPLATE_TYPE` varchar(1) DEFAULT NULL,
  `UPDATE_BY` varchar(50) DEFAULT NULL,
  `UPDATE_DATE` datetime DEFAULT NULL,
  `UPDATE_NAME` varchar(50) DEFAULT NULL,
  PRIMARY KEY (`ID`)
) ENGINE=InnoDB DEFAULT CHARSET=utf8;

#
# Data for table "t_s_sms_template"
#


#
# Structure for table "t_s_sms_template_sql"
#

DROP TABLE IF EXISTS `t_s_sms_template_sql`;
CREATE TABLE `t_s_sms_template_sql` (
  `ID` varchar(36) NOT NULL,
  `CODE` varchar(32) DEFAULT NULL,
  `CREATE_BY` varchar(50) DEFAULT NULL,
  `CREATE_DATE` datetime DEFAULT NULL,
  `CREATE_NAME` varchar(50) DEFAULT NULL,
  `NAME` varchar(32) DEFAULT NULL,
  `SQL_ID` varchar(32) DEFAULT NULL,
  `TEMPLATE_ID` varchar(32) DEFAULT NULL,
  `UPDATE_BY` varchar(50) DEFAULT NULL,
  `UPDATE_DATE` datetime DEFAULT NULL,
  `UPDATE_NAME` varchar(50) DEFAULT NULL,
  PRIMARY KEY (`ID`)
) ENGINE=InnoDB DEFAULT CHARSET=utf8;

#
# Data for table "t_s_sms_template_sql"
#


#
# Structure for table "t_s_student"
#

DROP TABLE IF EXISTS `t_s_student`;
CREATE TABLE `t_s_student` (
  `ID` varchar(32) NOT NULL,
  `classname` varchar(255) DEFAULT NULL,
  `name` varchar(255) DEFAULT NULL,
  `sex` varchar(255) DEFAULT NULL,
  PRIMARY KEY (`ID`)
) ENGINE=InnoDB DEFAULT CHARSET=utf8;

#
# Data for table "t_s_student"
#

INSERT INTO `t_s_student` VALUES ('40283f824d840865014d840906590168','1班','张三','f'),('40283f824d840865014d8409065a0169','1班','李四','f'),('40283f824d840865014d8409065b016a','1班','王五','m'),('40283f824d840865014d8409065b016b','1班','赵六','f'),('40283f824d840865014d8409065c016c','2班','张三','f'),('40283f824d840865014d8409065d016d','2班','李四','f'),('40283f824d840865014d8409065f016e','2班','王五','m'),('40283f824d840865014d84090660016f','2班','赵六','f'),('40283f824d840865014d840906620170','3班','张三','f'),('40283f824d840865014d840906630171','3班','李四','f'),('40283f824d840865014d840906660172','3班','王五','m'),('40283f824d840865014d840906690173','3班','李四','f'),('40283f824d840865014d8409066c0174','3班','王五','m'),('40283f824d840865014d8409066c0175','3班','赵六','f'),('40283f824d840865014d8409066d0176','4班','张三','f'),('40283f824d840865014d8409066d0177','4班','李四','f'),('40283f824d840865014d8409066e0178','4班','王五','m'),('40283f824d840865014d8409066f0179','4班','赵六','f'),('40283f824d840865014d8409066f017a','5班','张三','m'),('40283f824d840865014d84090670017b','5班','李四','f'),('40283f824d840865014d84090670017c','5班','王五','m'),('40283f824d840865014d84090671017d','5班','赵六','m'),('40283f824d840865014d84090672017e','5班','赵六','m'),('40283f824d840865014d84090672017f','5班','李四','f'),('40283f824d840865014d840906730180','5班','王五','m'),('40283f824d840865014d840906740181','5班','赵六','m'),('40283f824d840865014d840906740182','5班','赵六','m');

#
# Structure for table "t_s_territory"
#

DROP TABLE IF EXISTS `t_s_territory`;
CREATE TABLE `t_s_territory` (
  `ID` varchar(32) NOT NULL,
  `territorycode` varchar(10) NOT NULL,
  `territorylevel` smallint(6) NOT NULL,
  `territoryname` varchar(50) NOT NULL,
  `territory_pinyin` varchar(40) DEFAULT NULL,
  `territorysort` varchar(3) NOT NULL,
  `x_wgs84` double NOT NULL,
  `y_wgs84` double NOT NULL,
  `territoryparentid` varchar(32) DEFAULT NULL,
  PRIMARY KEY (`ID`)
) ENGINE=InnoDB DEFAULT CHARSET=utf8;

#
# Data for table "t_s_territory"
#

INSERT INTO `t_s_territory` VALUES ('1','100',1,'全国','qg','0',106.258754,38.471318,'0'),('10','00000016',2,'河南省','HNS','0',113.687228,34.76819,'1'),('100','371300',3,'临沂市','LYS','0',118.356448,35.104672,'18'),('1000','370903',4,'岱岳区','DYQ','0',117.041582,36.18799,'96'),('1001','370921',4,'宁阳县','NYX','0',116.805797,35.758787,'96'),('1002','370923',4,'东平县','DPX','0',116.470304,35.937102,'96'),('1003','370982',4,'新泰市','XTS','0',117.767953,35.909032,'96'),('1004','370983',4,'肥城市','FCS','0',116.768358,36.182571,'96'),('1005','371002',4,'环翠区','HCQ','0',122.123444,37.501991,'97'),('1006','371081',4,'文登市','WDS','0',122.058128,37.1939129,'97'),('1007','371082',4,'荣成市','RCS','0',122.486676,37.165249,'97'),('1008','371083',4,'乳山市','RSS','0',121.539764,36.919816,'97'),('1009','371102',4,'东港区','DGQ','0',119.462228,35.425475,'98'),('101','371400',3,'德州市','DZS','0',116.357465,37.434093,'18'),('1010','371103',4,'岚山区','LSQ','0',119.318813,35.121816,'98'),('1011','371121',4,'五莲县','WLX','0',119.208744,35.750095,'98'),('1012','371122',4,'莒县','JX','0',118.837131,35.579868,'98'),('1013','371202',4,'莱城区','LCQ','0',117.659864,36.203208,'99'),('1014','371203',4,'钢城区','GCQ','0',117.811355,36.058572,'99'),('1015','371302',4,'兰山区','LSQ','0',118.347707,35.051729,'100'),('1016','371311',4,'罗庄区','LZQ','0',118.284786,34.996741,'100'),('1017','371312',4,'河东区','HDQ','0',118.402893,35.089917,'100'),('1018','371321',4,'沂南县','YNX','0',118.465213,35.549976,'100'),('1019','371322',4,'郯城县','TCX','0',118.367263,34.613557,'100'),('102','371500',3,'聊城市','LCS','0',115.985371,36.4567039,'18'),('1020','371323',4,'沂水县','YSX','0',118.627918,35.79045,'100'),('1021','371324',4,'苍山县','CSX','0',118.07065,34.857149,'100'),('1022','371325',4,'费县','FX','0',117.977868,35.26634,'100'),('1023','371326',4,'平邑县','PYX','0',117.640352,35.5059429,'100'),('1024','371327',4,'莒南县','JNX','0',118.835163,35.174846,'100'),('1025','371328',4,'蒙阴县','MYX','0',117.945085,35.710032,'100'),('1026','371329',4,'临沭县','LSX','0',118.650782,34.919852,'100'),('1027','371402',4,'德城区','DCQ','0',116.299434,37.451272,'101'),('1028','371421',4,'陵县','LX','0',116.576176,37.33579,'101'),('1029','371422',4,'宁津县','NJX','0',116.800324,37.652329,'101'),('103','371600',3,'滨州市','BZS','0',117.970703,37.38199,'18'),('1030','371423',4,'庆云县','QYX','0',117.385123,37.77539,'101'),('1031','371424',4,'临邑县','LYX','0',116.86665,37.189864,'101'),('1032','371425',4,'齐河县','QHX','0',116.758917,36.795011,'101'),('1033','371426',4,'平原县','PYX','0',116.434187,37.165419,'101'),('1034','371427',4,'夏津县','XJX','0',116.001726,36.948371,'101'),('1035','371428',4,'武城县','WCX','0',116.069302,37.213311,'101'),('1036','371481',4,'乐陵市','LLS','0',117.231935,37.729907,'101'),('1037','371482',4,'禹城市','YCS','0',116.638387,36.934259,'101'),('1038','371502',4,'东昌府区','DCFQ','0',115.988484,36.434697,'102'),('1039','371521',4,'阳谷县','YGX','0',115.79182,36.114392,'102'),('104','371700',3,'菏泽市','HZS','0',115.480656,35.23375,'18'),('1040','371522',4,'莘县','SX','0',115.671191,36.233599,'102'),('1041','371523',4,'茌平县','CPX','0',116.255282,36.5807639,'102'),('1042','371524',4,'东阿县','DAX','0',116.24758,36.334917,'102'),('1043','371525',4,'冠县','GX','0',115.44274,36.484009,'102'),('1044','371526',4,'高唐县','GTX','0',116.231478,36.866062,'102'),('1045','371581',4,'临清市','LQS','0',115.704881,36.838277,'102'),('1046','371602',4,'滨城区','BCQ','0',118.019146,37.43206,'103'),('1047','371621',4,'惠民县','HMX','0',117.510451,37.489769,'103'),('1048','371622',4,'阳信县','YXX','0',117.578262,37.641106,'103'),('1049','371623',4,'无棣县','WDX','0',117.625696,37.770261,'103'),('1050','371624',4,'沾化县','ZHX','0',118.132199,37.698281,'103'),('1051','371625',4,'博兴县','BXX','0',118.131815,37.150226,'103'),('1052','371626',4,'邹平县','ZPX','0',117.743109,36.862989,'103'),('1053','371702',4,'牡丹区','MDQ','0',115.417827,35.252512,'104'),('1054','371721',4,'曹县','CX','0',115.542328,34.825508,'104'),('1055','371722',4,'单县','DX','0',116.107428,34.778808,'104'),('1056','371723',4,'成武县','CWX','0',115.889765,34.952459,'104'),('1057','371724',4,'巨野县','JYX','0',116.094674,35.396261,'104'),('1058','371725',4,'郓城县','YCX','0',115.943613,35.599758,'104'),('1059','371726',4,'鄄城县','JCX','0',115.510193,35.563408,'104'),('1060','371727',4,'定陶县','DTX','0',115.573094,35.071,'104'),('1061','371728',4,'东明县','DMX','0',115.089905,35.289368,'104'),('11','00000008',2,'黑龙江省','HLJS','0',126.662507,45.7421699,'1'),('12','20000000',2,'上海市','SHS','0',121.473704,31.230393,'1'),('13','00000010',2,'江苏省','JSS','0',118.763232,32.061707,'1'),('14','00000011',2,'浙江省','ZJS','0',120.153676,30.26586,'1'),('15','00000012',2,'安徽省','AHS','0',117.284923,31.861184,'1'),('16','00000013',2,'福建省','FJS','0',119.296506,26.099933,'1'),('17','00000014',2,'江西省','JXS','0',115.909175,28.674424,'1'),('1739','360102',4,'东湖区','DHQ','0',115.89901,28.6849159,'184'),('1740','360103',4,'西湖区','XHQ','0',115.877287,28.656887,'184'),('1741','360104',4,'青云谱区','QYPQ','0',115.925749,28.621169,'184'),('1742','360105',4,'湾里区','WLQ','0',115.730994,28.714869,'184'),('1743','360111',4,'青山湖区','QSHQ','0',115.962144,28.682985,'184'),('1744','360121',4,'南昌县','NCX','0',115.944162,28.545459,'184'),('1745','360122',4,'新建县','XJX','0',115.815233,28.692437,'184'),('1746','360123',4,'安义县','AYX','0',115.549199,28.844429,'184'),('1747','360124',4,'进贤县','JXX','0',116.240924,28.376918,'184'),('1748','360202',4,'昌江区','CJQ','0',117.183688,29.27342,'185'),('1749','360203',4,'珠山区','ZSQ','0',117.202336,29.301272,'185'),('1750','360222',4,'浮梁县','FLX','0',117.215061,29.351739,'185'),('1751','360281',4,'乐平市','LPS','0',117.129169,28.961902,'185'),('1752','360302',4,'安源区','AYQ','0',113.87073,27.615202,'186'),('1753','360313',4,'湘东区','XDQ','0',113.733059,27.640075,'186'),('1754','360321',4,'莲花县','LHX','0',113.961465,27.127669,'186'),('1755','360322',4,'上栗县','SLX','0',113.795219,27.880567,'186'),('1756','360323',4,'芦溪县','LXX','0',114.029595,27.631145,'186'),('1757','360402',4,'庐山区','LSQ','0',115.989212,29.671775,'187'),('1758','360403',4,'浔阳区','XYQ','0',115.990399,29.72746,'187'),('1759','360421',4,'九江县','JJX','0',115.911314,29.608456,'187'),('1760','360423',4,'武宁县','WNX','0',115.100579,29.256323,'187'),('1761','360424',4,'修水县','XSX','0',114.547356,29.025707,'187'),('1762','360425',4,'永修县','YXX','0',115.809111,29.021824,'187'),('1763','360426',4,'德安县','DAX','0',115.756883,29.314348,'187'),('1764','360427',4,'星子县','XZX','0',116.044893,29.448037,'187'),('1765','360428',4,'都昌县','DCX','0',116.204099,29.273194,'187'),('1766','360429',4,'湖口县','HKX','0',116.220266,29.73944,'187'),('1767','360430',4,'彭泽县','PZX','0',116.549359,29.896061,'187'),('1768','360481',4,'瑞昌市','RCS','0',115.681504,29.673795,'187'),('1769','360499',4,'共青城','GQC','0',115.774,29.2417,'187'),('1770','360502',4,'渝水区','YSQ','0',114.944574,27.80038,'188'),('1771','360521',4,'分宜县','FYX','0',114.692039,27.814628,'188'),('1772','360602',4,'月湖区','YHQ','0',117.036676,28.238797,'189'),('1773','360622',4,'余江县','YJX','0',116.818871,28.204174,'189'),('1774','360681',4,'贵溪市','GXS','0',117.245497,28.292519,'189'),('1775','360702',4,'章贡区','ZGQ','0',114.941826,25.862827,'190'),('1776','360721',4,'赣县','GX','0',115.011561,25.860691,'190'),('1777','360722',4,'信丰县','XFX','0',114.922963,25.386278,'190'),('1778','360723',4,'大余县','DYX','0',114.362094,25.401283,'190'),('1779','360724',4,'上犹县','SYX','0',114.551371,25.784978,'190'),('1780','360725',4,'崇义县','CYX','0',114.308273,25.681879,'190'),('1781','360726',4,'安远县','AYX','0',115.393922,25.136925,'190'),('1782','360727',4,'龙南县','LNX','0',114.789811,24.911107,'190'),('1783','360728',4,'定南县','DNX','0',115.027845,24.78441,'190'),('1784','360729',4,'全南县','QNX','0',114.530125,24.742401,'190'),('1785','360730',4,'宁都县','NDX','0',116.009472,26.470116,'190'),('1786','360731',4,'于都县','YDX','0',115.41551,25.952066,'190'),('1787','360732',4,'兴国县','XGX','0',115.36319,26.337937,'190'),('1788','360733',4,'会昌县','HCX','0',115.786057,25.600272,'190'),('1789','360734',4,'寻乌县','YWX','0',115.646525,24.963322,'190'),('1790','360735',4,'石城县','SCX','0',116.354201,26.32686,'190'),('1791','360781',4,'瑞金市','RJS','0',116.02713,25.885561,'190'),('1792','360782',4,'南康市','NKS','0',114.765238,25.661356,'190'),('1793','360802',4,'吉州区','JZQ','0',114.994307,27.129975,'191'),('1794','360803',4,'青原区','QYQ','0',115.01424,27.081719,'191'),('1795','360821',4,'吉安县','JAX','0',114.907659,27.040142,'191'),('1796','360822',4,'吉水县','JSX','0',115.135507,27.229632,'191'),('1797','360823',4,'峡江县','XJX','0',115.316566,27.582901,'191'),('1798','360824',4,'新干县','XGX','0',115.393043,27.740809,'191'),('1799','360825',4,'永丰县','YFX','0',115.441477,27.317869,'191'),('18','00000015',2,'山东省','SDS','0',117.020411,36.668627,'1'),('1800','360826',4,'泰和县','THX','0',114.908861,26.790231,'191'),('1801','360827',4,'遂川县','SCX','0',114.52098,26.311894,'191'),('1802','360828',4,'万安县','WAX','0',114.786256,26.458257,'191'),('1803','360829',4,'安福县','AFX','0',114.619893,27.392874,'191'),('1804','360830',4,'永新县','YXX','0',114.242675,26.945233,'191'),('1805','360881',4,'井冈山市','JGSS','0',114.289182,26.748186,'191'),('1806','360902',4,'袁州区','YZQ','0',114.424657,27.798846,'192'),('1807','360921',4,'奉新县','FXX','0',115.384904,28.700806,'192'),('1808','360922',4,'万载县','WZX','0',114.447551,28.10455,'192'),('1809','360923',4,'上高县','SGX','0',114.924494,28.232827,'192'),('1810','360924',4,'宜丰县','YFX','0',114.803542,28.393613,'192'),('1811','360925',4,'靖安县','JAX','0',115.362629,28.861475,'192'),('1812','360926',4,'铜鼓县','TGX','0',114.37098,28.520747,'192'),('1813','360981',4,'丰城市','FCS','0',115.771195,28.159325,'192'),('1814','360982',4,'樟树市','ZSS','0',115.546063,28.055796,'192'),('1815','360983',4,'高安市','GAS','0',115.375618,28.417261,'192'),('1816','361002',4,'临川区','LCQ','0',116.31136,27.934529,'193'),('1817','361021',4,'南城县','NCX','0',116.644658,27.552748,'193'),('1818','361022',4,'黎川县','LCX','0',116.907508,27.282382,'193'),('1819','361023',4,'南丰县','NFX','0',116.525725,27.218445,'193'),('1820','361024',4,'崇仁县','CRX','0',116.061164,27.764681,'193'),('1821','361025',4,'乐安县','LAX','0',115.837895,27.420441,'193'),('1822','361026',4,'宜黄县','YHX','0',116.222128,27.546146,'193'),('1823','361027',4,'金溪县','JXX','0',116.775435,27.908337,'193'),('1824','361028',4,'资溪县','ZXX','0',117.060264,27.706102,'193'),('1825','361029',4,'东乡县','DXX','0',116.590465,28.236118,'193'),('1826','361030',4,'广昌县','GCX','0',116.325757,26.837267,'193'),('1827','361102',4,'信州区','XZQ','0',117.966823,28.43121,'194'),('1828','361121',4,'上饶县','SRX','0',117.90785,28.448983,'194'),('1829','361122',4,'广丰县','GFX','0',118.19124,28.436286,'194'),('1830','361123',4,'玉山县','YSX','0',118.245124,28.682055,'194'),('1831','361124',4,'铅山县','QSX','0',117.709451,28.315217,'194'),('1832','361125',4,'横峰县','HFX','0',117.596452,28.407118,'194'),('1833','361126',4,'弋阳县','YYX','0',117.449588,28.378044,'194'),('1834','361127',4,'余干县','YGX','0',116.695647,28.702302,'194'),('1835','361128',4,'鄱阳县','PYX','0',116.699746,29.011699,'194'),('1836','361129',4,'万年县','WNX','0',117.058445,28.694582,'194'),('1837','361130',4,'婺源县','WYX','0',117.861911,29.2480249,'194'),('1838','361181',4,'德兴市','DXS','0',117.578713,28.946464,'194'),('1839','370102',4,'历下区','LXQ','0',117.07653,36.666344,'195'),('184','360100',3,'南昌市','NCS','0',115.858089,28.68316,'17'),('1840','370103',4,'市中区','SZQ','0',116.997475,36.6511749,'195'),('1841','370104',4,'槐荫区','HYQ','0',116.90113,36.651301,'195'),('1842','370105',4,'天桥区','TQQ','0',116.987492,36.678016,'195'),('1843','370112',4,'历城区','LCQ','0',117.065222,36.680171,'195'),('185','360200',3,'景德镇市','JDZS','0',117.17842,29.268836,'17'),('186','360300',3,'萍乡市','PXS','0',113.854676,27.622865,'17'),('187','360400',3,'九江市','JJS','0',116.001951,29.705103,'17'),('188','360500',3,'新余市','XYS','0',114.91741,27.817819,'17'),('189','360600',3,'鹰潭市','YTS','0',117.069202,28.260189,'17'),('19','00000017',2,'湖北省','HBS','0',114.341921,30.545861,'1'),('190','360700',3,'赣州市','GZS','0',114.935025,25.831925,'17'),('191','360800',3,'吉安市','JAS','0',114.992912,27.113039,'17'),('192','360900',3,'宜春市','YCS','0',114.416778,27.815619,'17'),('193','361000',3,'抚州市','FZS','0',116.358176,27.9492,'17'),('194','361100',3,'上饶市','SRS','0',117.943433,28.454863,'17'),('195','370100',3,'济南市','JNS','0',116.994917,36.665282,'18'),('20','00000018',2,'湖南省','HNS','0',112.98381,28.112444,'1'),('21','40000000',2,'重庆市','ZQS','0',106.551557,29.56301,'1'),('22','00000022',2,'四川省','SCS','0',104.075931,30.651652,'1'),('23','00000019',2,'广东省','GDS','0',113.266531,23.132191,'1'),('24','00000020',2,'广西壮族自治区','GXZZZZQ','0',108.327546,22.815478,'1'),('25','00000021',2,'海南省','HNS','0',110.349229,20.017378,'1'),('26','810000',2,'香港特别行政区','XGTBXZQ','0',114.109497,22.396428,'1'),('27','820000',2,'澳门特别行政区','AMTBXZQ','0',113.543873,22.198745,'1'),('28','00000023',2,'贵州省','GZS','0',106.707116,26.598026,'1'),('29','00000024',2,'云南省','YNS','0',102.709812,25.045359,'1'),('3','00000006',2,'辽宁省','LNS','0',123.42944,41.835441,'1'),('30','00000025',2,'西藏自治区','XCZZQ','0',91.1170059,29.647951,'1'),('31','00000026',2,'陕西省','SXS','0',108.954239,34.265472,'1'),('32','00000027',2,'甘肃省','GSS','0',103.826308,36.059421,'1'),('33','00000028',2,'青海省','QHS','0',101.780199,36.620901,'1'),('34','00000029',2,'宁夏回族自治区','NXHZZZQ','0',106.258754,38.471318,'1'),('35','00000030',2,'新疆维吾尔自治区','XJWWEZZQ','0',87.6278119,43.793028,'1'),('4','00000007',2,'吉林省','JLS','0',125.326065,43.896082,'1'),('5','10000000',2,'北京市','BJS','0',116.407413,39.904214,'1'),('6','30000000',2,'天津市','TJS','0',117.200983,39.084158,'1'),('7','00000003',2,'河北省','HBS','0',114.468665,38.037057,'1'),('8','00000004',2,'山西省','SXS','0',112.562569,37.873376,'1'),('89','370200',3,'青岛市','QDS','0',120.382504,36.06722,'18'),('8a2380e34d9ae790014d9afaa955000a','000001',5,'山东省农业银行',NULL,'60',0,0,'1015'),('9','00000005',2,'内蒙古自治区','NMGZZQ','0',111.765618,40.817498,'1'),('90','370300',3,'淄博市','ZBS','0',118.055007,36.813497,'18'),('91','370400',3,'枣庄市','ZZS','0',117.323725,34.810488,'18'),('92','370500',3,'东营市','DYS','0',118.674767,37.434751,'18'),('926','370113',4,'长清区','CQQ','0',116.751959,36.553691,'195'),('927','370124',4,'平阴县','PYX','0',116.456187,36.289265,'195'),('928','370125',4,'济阳县','JYX','0',117.173529,36.978547,'195'),('929','370126',4,'商河县','SHX','0',117.157183,37.309045,'195'),('93','370600',3,'烟台市','YTS','0',121.447926,37.463819,'18'),('930','370181',4,'章丘市','ZQS','0',117.534326,36.714015,'195'),('931','370202',4,'市南区','SNQ','0',120.412392,36.075651,'89'),('932','370203',4,'市北区','SBQ','0',120.374801,36.087661,'89'),('933','370205',4,'四方区','SFQ','0',120.366454,36.103993,'89'),('934','370211',4,'黄岛区','HDQ','0',120.198054,35.960935,'89'),('935','370212',4,'崂山区','LSQ','0',120.468956,36.107538,'89'),('936','370213',4,'李沧区','LCQ','0',120.432864,36.145476,'89'),('937','370214',4,'城阳区','CYQ','0',120.396529,36.307061,'89'),('938','370281',4,'胶州市','JZS','0',120.033345,36.264664,'89'),('939','370282',4,'即墨市','JMS','0',120.447162,36.389401,'89'),('94','370700',3,'潍坊市','WFS','0',119.16193,36.706691,'18'),('940','370283',4,'平度市','PDS','0',119.960014,36.7867,'89'),('941','370284',4,'胶南市','JNS','0',120.04643,35.8725,'89'),('942','370285',4,'莱西市','LXS','0',120.51769,36.889084,'89'),('943','370302',4,'淄川区','ZCQ','0',117.966842,36.643449,'90'),('944','370303',4,'张店区','ZDQ','0',118.017656,36.806773,'90'),('945','370304',4,'博山区','BSQ','0',117.861698,36.494752,'90'),('946','370305',4,'临淄区','LZQ','0',118.308977,36.827343,'90'),('947','370306',4,'周村区','ZCQ','0',117.869877,36.803109,'90'),('948','370321',4,'桓台县','HTX','0',118.097955,36.959623,'90'),('949','370322',4,'高青县','GQX','0',117.826916,37.171063,'90'),('95','370800',3,'济宁市','JNS','0',116.587099,35.414921,'18'),('950','370323',4,'沂源县','YYX','0',118.170979,36.184827,'90'),('951','370402',4,'市中区','SZQ','0',117.556124,34.864114,'91'),('952','370403',4,'薛城区','YCQ','0',117.263157,34.795206,'91'),('953','370404',4,'峄城区','YCQ','0',117.590819,34.772236,'91'),('954','370405',4,'台儿庄区','TEZQ','0',117.733832,34.562528,'91'),('955','370406',4,'山亭区','STQ','0',117.461343,35.099549,'91'),('956','370481',4,'滕州市','TZS','0',117.164388,35.084021,'91'),('957','370502',4,'东营区','DYQ','0',118.582184,37.448964,'92'),('958','370503',4,'河口区','HKQ','0',118.525579,37.886138,'92'),('959','370521',4,'垦利县','KLX','0',118.547627,37.58754,'92'),('960','370522',4,'利津县','LJX','0',118.255273,37.49026,'92'),('961','370523',4,'广饶县','GRX','0',118.407045,37.0537,'92'),('962','370602',4,'芝罘区','ZFQ','0',121.400031,37.540687,'93'),('963','370611',4,'福山区','FSQ','0',121.267697,37.498051,'93'),('964','370612',4,'牟平区','MPQ','0',121.600512,37.386901,'93'),('965','370613',4,'莱山区','LSQ','0',121.445304,37.511305,'93'),('966','370614',4,'开发区','KFQ','0',121.251001,37.554683,'93'),('967','370634',4,'长岛县','CDX','0',120.736584,37.921417,'93'),('968','370681',4,'龙口市','LKS','0',120.477836,37.646064,'93'),('969','370682',4,'莱阳市','LYS','0',120.711607,36.97891,'93'),('970','370683',4,'莱州市','LZS','0',119.942327,37.177017,'93'),('971','370684',4,'蓬莱市','PLS','0',120.758848,37.810661,'93'),('972','370685',4,'招远市','ZYS','0',120.434072,37.355469,'93'),('973','370686',4,'栖霞市','QXS','0',120.849675,37.335123,'93'),('974','370687',4,'海阳市','HYS','0',121.158477,36.776425,'93'),('975','370702',4,'潍城区','WCQ','0',119.024836,36.7281,'94'),('976','370703',4,'寒亭区','HTQ','0',119.219734,36.775491,'94'),('977','370704',4,'坊子区','FZQ','0',119.166485,36.654448,'94'),('978','370705',4,'奎文区','KWQ','0',119.132486,36.707676,'94'),('979','370724',4,'临朐县','LQX','0',118.542982,36.5125059,'94'),('980','370725',4,'昌乐县','CLX','0',118.829914,36.706945,'94'),('981','370781',4,'青州市','QZS','0',118.479622,36.684528,'94'),('982','370782',4,'诸城市','ZCS','0',119.410103,35.995654,'94'),('983','370783',4,'寿光市','SGS','0',118.790652,36.85548,'94'),('984','370784',4,'安丘市','AQS','0',119.218978,36.478494,'94'),('985','370785',4,'高密市','GMS','0',119.755597,36.3825949,'94'),('986','370786',4,'昌邑市','CYS','0',119.398525,36.85882,'94'),('987','370802',4,'市中区','SZQ','0',116.596614,35.40819,'95'),('988','370811',4,'任城区','RCQ','0',116.628562,35.433727,'95'),('989','370826',4,'微山县','WSX','0',117.128946,34.8071,'95'),('990','370827',4,'鱼台县','YTX','0',116.650608,35.012749,'95'),('991','370828',4,'金乡县','JXX','0',116.311532,35.06662,'95'),('992','370829',4,'嘉祥县','JXX','0',116.342442,35.407829,'95'),('993','370830',4,'汶上县','WSX','0',116.489043,35.732799,'95'),('994','370831',4,'泗水县','SSX','0',117.251195,35.664323,'95'),('995','370832',4,'梁山县','LSX','0',116.096044,35.802306,'95'),('996','370881',4,'曲阜市','QFS','0',116.986532,35.581137,'95'),('997','370882',4,'兖州市','YZS','0',116.783834,35.553144,'95'),('998','370883',4,'邹城市','ZCS','0',117.003743,35.405185,'95'),('999','370902',4,'泰山区','TSQ','0',117.135354,36.192084,'96');

#
# Structure for table "t_s_timetask"
#

DROP TABLE IF EXISTS `t_s_timetask`;
CREATE TABLE `t_s_timetask` (
  `ID` varchar(32) NOT NULL,
  `CREATE_BY` varchar(32) DEFAULT NULL,
  `CREATE_DATE` datetime DEFAULT NULL,
  `CREATE_NAME` varchar(32) DEFAULT NULL,
  `CRON_EXPRESSION` varchar(100) NOT NULL,
  `IS_EFFECT` varchar(1) NOT NULL,
  `IS_START` varchar(1) NOT NULL,
  `TASK_DESCRIBE` varchar(50) NOT NULL,
  `TASK_ID` varchar(100) NOT NULL,
  `UPDATE_BY` varchar(32) DEFAULT NULL,
  `UPDATE_DATE` datetime DEFAULT NULL,
  `UPDATE_NAME` varchar(32) DEFAULT NULL,
  PRIMARY KEY (`ID`)
) ENGINE=InnoDB DEFAULT CHARSET=utf8;

#
# Data for table "t_s_timetask"
#


#
# Structure for table "t_s_typegroup"
#

DROP TABLE IF EXISTS `t_s_typegroup`;
CREATE TABLE `t_s_typegroup` (
  `ID` varchar(32) NOT NULL,
  `typegroupcode` varchar(50) DEFAULT NULL,
  `typegroupname` varchar(50) DEFAULT NULL,
  PRIMARY KEY (`ID`)
) ENGINE=InnoDB DEFAULT CHARSET=utf8;

#
# Data for table "t_s_typegroup"
#

INSERT INTO `t_s_typegroup` VALUES ('40283f824d840865014d8409026a0048','icontype','图标类型'),('40283f824d840865014d8409026f0049','order','订单类型'),('40283f824d840865014d84090274004b','service','服务项目类型'),('40283f824d840865014d84090277004c','searchmode','查询模式'),('40283f824d840865014d840902850050','fieltype','文档分类'),('40283f824d840865014d840902880051','sex','性别类'),('402881c1513f0e7601513f1894780003','devicetype','设备类型'),('8a8a8b8b4fb9d4f3014fb9d5e7480001','chantype','通道类型'),('8a8a8b8b4fb9d4f3014fb9d6ecb00005','status','通道是否启用状态'),('8a8a8be2515be3aa01515be573370001','rylx','人员类型'),('ff8080814f353171014f353d41490001','opstatus','手术状态'),('ff8080815c94db58015c94e489230003','roomtype','会议室类型'),('ff8080815c94db58015c94e730f5000a','postype','医生职称'),('ff8080815c94db58015c94e87a140011','paykind','收费标准'),('ff8080815c94db58015c94e998da0017','apstatus','申请单状态'),('ff8080815c94db58015c94eabd1c001c','rpttype','会诊报告类型');

#
# Structure for table "t_s_type"
#

DROP TABLE IF EXISTS `t_s_type`;
CREATE TABLE `t_s_type` (
  `ID` varchar(32) NOT NULL,
  `typecode` varchar(50) DEFAULT NULL,
  `typename` varchar(50) DEFAULT NULL,
  `typepid` varchar(32) DEFAULT NULL,
  `typegroupid` varchar(32) DEFAULT NULL,
  `parentid` varchar(32) DEFAULT NULL COMMENT '父编码',
  PRIMARY KEY (`ID`),
  KEY `FK_nw2b22gy7plh7pqows186odmq` (`typepid`),
  KEY `FK_3q40mr4ebtd0cvx79matl39x1` (`typegroupid`),
  CONSTRAINT `FK_3q40mr4ebtd0cvx79matl39x1` FOREIGN KEY (`typegroupid`) REFERENCES `t_s_typegroup` (`ID`),
  CONSTRAINT `FK_nw2b22gy7plh7pqows186odmq` FOREIGN KEY (`typepid`) REFERENCES `t_s_type` (`ID`)
) ENGINE=InnoDB DEFAULT CHARSET=utf8;

#
# Data for table "t_s_type"
#

INSERT INTO `t_s_type` VALUES ('00','00','制单',NULL,'ff8080815c94db58015c94e998da0017',NULL),('01','01','提交',NULL,'ff8080815c94db58015c94e998da0017',NULL),('20','20','审核通过',NULL,'ff8080815c94db58015c94e998da0017',NULL),('21','21','退回',NULL,'ff8080815c94db58015c94e998da0017',NULL),('30','30','会诊安排',NULL,'ff8080815c94db58015c94e998da0017',NULL),('31','31','会诊开始',NULL,'ff8080815c94db58015c94e998da0017',NULL),('32','32','会诊结束',NULL,'ff8080815c94db58015c94e998da0017',NULL),('33','33','会诊报告',NULL,'ff8080815c94db58015c94e998da0017',NULL),('40283f824d840865014d840902a80052','2','菜单图标',NULL,'40283f824d840865014d8409026a0048',NULL),('40283f824d840865014d840902ab0053','1','系统图标',NULL,'40283f824d840865014d8409026a0048',NULL),('40283f824d840865014d840902ae0054','check','检查结果',NULL,'40283f824d840865014d840902850050',NULL),('40283f824d840865014d840902b10055','1','优质订单',NULL,'40283f824d840865014d8409026f0049',NULL),('40283f824d840865014d840902b40056','2','普通订单',NULL,'40283f824d840865014d8409026f0049',NULL),('40283f824d840865014d840902c00059','1','特殊服务',NULL,'40283f824d840865014d84090274004b',NULL),('40283f824d840865014d840902c5005a','2','普通服务',NULL,'40283f824d840865014d84090274004b',NULL),('40283f824d840865014d840902c9005b','single','单条件查询',NULL,'40283f824d840865014d84090277004c',NULL),('40283f824d840865014d840902cc005c','group','范围查询',NULL,'40283f824d840865014d84090277004c',NULL),('40283f824d840865014d840902ef0067','report','报告单',NULL,'40283f824d840865014d840902850050',NULL),('40283f824d840865014d840902f20068','0','男性',NULL,'40283f824d840865014d840902880051',NULL),('40283f824d840865014d840902f60069','1','女性',NULL,'40283f824d840865014d840902880051',NULL),('402881c1513f0e7601513f18cf4e0005','01','云终端',NULL,'402881c1513f0e7601513f1894780003',NULL),('402881c1513f0e7601513f1916650007','02','HD终端',NULL,'402881c1513f0e7601513f1894780003',NULL),('402881c1513f0e7601513f195a2c0009','03','IP终端',NULL,'402881c1513f0e7601513f1894780003',NULL),('402881c1513f0e7601513f198c91000b','04','IPC',NULL,'402881c1513f0e7601513f1894780003',NULL),('80','80','取消停止',NULL,'ff8080815c94db58015c94e998da0017',NULL),('8a8a8b8b4fb9d4f3014fb9d6566e0003','ops_room','手术室',NULL,'8a8a8b8b4fb9d4f3014fb9d5e7480001',NULL),('8a8a8b8b4fb9d4f3014fb9d767570008','1','启用',NULL,'8a8a8b8b4fb9d4f3014fb9d6ecb00005',NULL),('8a8a8b8b4fb9d4f3014fb9d794ad000a','0','禁用',NULL,'8a8a8b8b4fb9d4f3014fb9d6ecb00005',NULL),('8a8a8be2515be3aa01515be5b4780003','01','医生',NULL,'8a8a8be2515be3aa01515be573370001',NULL),('8a8a8be2515be3aa01515be5e3b40005','02','麻醉',NULL,'8a8a8be2515be3aa01515be573370001',NULL),('8a8a8be2515be3aa01515be61bb50007','03','护士',NULL,'8a8a8be2515be3aa01515be573370001',NULL),('90','90','完成',NULL,'ff8080815c94db58015c94e998da0017',NULL),('ff8080814f353171014f353dbec90003','0','准备',NULL,'ff8080814f353171014f353d41490001',NULL),('ff8080814f353171014f353df3760005','1','手术中',NULL,'ff8080814f353171014f353d41490001',NULL),('ff8080814f353171014f353e2f6f0007','2','手术完成',NULL,'ff8080814f353171014f353d41490001',NULL),('ff8080814f353171014f353e5b670009','3','作废',NULL,'ff8080814f353171014f353d41490001',NULL),('ff8080815c94db58015c94e5d4160006','01','会诊室',NULL,'ff8080815c94db58015c94e489230003',NULL),('ff8080815c94db58015c94e6196f0008','11','私有电脑',NULL,'ff8080815c94db58015c94e489230003',NULL),('ff8080815c94db58015c94e7adf0000d','01','主任医师',NULL,'ff8080815c94db58015c94e730f5000a',NULL),('ff8080815c94db58015c94e7f7fa000f','11','副主任医师',NULL,'ff8080815c94db58015c94e730f5000a',NULL),('ff8080815c94db58015c94e8e0070013','01','200',NULL,'ff8080815c94db58015c94e87a140011',NULL),('ff8080815c94db58015c94e92b970015','02','100',NULL,'ff8080815c94db58015c94e87a140011',NULL),('ff8080815c94db58015c94eb1346001e','00','手写和文件',NULL,'ff8080815c94db58015c94eabd1c001c',NULL),('ff8080815c94db58015c94eb521a0020','01','手写',NULL,'ff8080815c94db58015c94eabd1c001c',NULL),('ff8080815c94db58015c94eb89cc0022','02','文件',NULL,'ff8080815c94db58015c94eabd1c001c',NULL),('ff8080815c94db58015c94f624160024','meet_room','会诊室',NULL,'8a8a8b8b4fb9d4f3014fb9d5e7480001',NULL),('ff8080815c94db58015c94f7b8a70027','person','IP终端',NULL,'8a8a8b8b4fb9d4f3014fb9d5e7480001',NULL),('ff8080815d49b98d015d49c6e9b60004','10','主任',NULL,'8a8a8be2515be3aa01515be573370001',NULL);

#
# Structure for table "t_s_user"
#

DROP TABLE IF EXISTS `t_s_user`;
CREATE TABLE `t_s_user` (
  `email` varchar(50) DEFAULT NULL,
  `mobilePhone` varchar(30) DEFAULT NULL,
  `officePhone` varchar(20) DEFAULT NULL,
  `signatureFile` varchar(100) DEFAULT NULL,
  `id` varchar(32) NOT NULL,
  PRIMARY KEY (`id`),
  KEY `FK_2cuji5h6yorrxgsr8ojndlmal` (`id`),
  CONSTRAINT `FK_2cuji5h6yorrxgsr8ojndlmal` FOREIGN KEY (`id`) REFERENCES `t_s_base_user` (`ID`)
) ENGINE=InnoDB DEFAULT CHARSET=utf8;

#
# Data for table "t_s_user"
#

INSERT INTO `t_s_user` VALUES ('','','','images/renfang/qm/licf.gif','40283f824d840865014d840902590044'),('133333vfvvh@122.com','13133333333','3331133',NULL,'ff8081814edcd045014edcdec7920001'),('','','',NULL,'ff8081814edcd045014eddd62ad80026');

#
# Structure for table "t_s_role_user"
#

DROP TABLE IF EXISTS `t_s_role_user`;
CREATE TABLE `t_s_role_user` (
  `ID` varchar(32) NOT NULL,
  `roleid` varchar(32) DEFAULT NULL,
  `userid` varchar(32) DEFAULT NULL,
  PRIMARY KEY (`ID`),
  KEY `FK_n2ucxeorvpjy7qhnmuem01kbx` (`roleid`),
  KEY `FK_d4qb5xld2pfb0bkjx9iwtolda` (`userid`),
  CONSTRAINT `FK_d4qb5xld2pfb0bkjx9iwtolda` FOREIGN KEY (`userid`) REFERENCES `t_s_user` (`id`),
  CONSTRAINT `FK_n2ucxeorvpjy7qhnmuem01kbx` FOREIGN KEY (`roleid`) REFERENCES `t_s_role` (`ID`)
) ENGINE=InnoDB DEFAULT CHARSET=utf8;

#
# Data for table "t_s_role_user"
#

INSERT INTO `t_s_role_user` VALUES ('402881e75d494105015d494627350001','40283f824d840865014d8409024b0042','40283f824d840865014d840902590044'),('ff8080814f2be3ae014f2becf882000f','40283f824d840865014d8409024b0042','ff8081814edcd045014edcdec7920001'),('ff8080814f2be3ae014f2bed1c380011','40283f824d840865014d8409024b0042','ff8081814edcd045014eddd62ad80026');

#
# Structure for table "t_s_log"
#

DROP TABLE IF EXISTS `t_s_log`;
CREATE TABLE `t_s_log` (
  `ID` varchar(32) NOT NULL,
  `broswer` varchar(100) DEFAULT NULL,
  `logcontent` longtext NOT NULL,
  `loglevel` smallint(6) DEFAULT NULL,
  `note` longtext,
  `operatetime` datetime NOT NULL,
  `operatetype` smallint(6) DEFAULT NULL,
  `userid` varchar(32) DEFAULT NULL,
  PRIMARY KEY (`ID`),
  KEY `FK_oe64k4852uylhyc5a00rfwtay` (`userid`),
  CONSTRAINT `FK_oe64k4852uylhyc5a00rfwtay` FOREIGN KEY (`userid`) REFERENCES `t_s_user` (`id`)
) ENGINE=InnoDB DEFAULT CHARSET=utf8;

#
# Data for table "t_s_log"
#

INSERT INTO `t_s_log` VALUES ('2c948a865168ab6d015168abb0480000','MSIE 8.0','用户: admin[信息中心]登录成功',1,'172.20.10.6','2015-12-04 00:27:41',1,'40283f824d840865014d840902590044'),('2c948a8652486eda015248714d3c0000','MSIE 8.0','用户: admin[信息中心]登录成功',1,'172.20.10.6','2016-01-16 11:18:50',1,'40283f824d840865014d840902590044'),('402880e455160d7d0155160dcfba0000','rv:11.0','用户: admin[信息中心]登录成功',1,'192.168.0.100','2016-06-03 19:37:31',1,'40283f824d840865014d840902590044'),('402880e65603340101560334546c0000','rv:11.0','用户: admin[信息中心]登录成功',1,'192.168.1.2','2016-07-19 20:49:36',1,'40283f824d840865014d840902590044'),('4028818254c0e44b0154c0e60ee50000','rv:11.0','用户: admin[信息中心]登录成功',1,'192.168.1.2','2016-05-18 06:46:23',1,'40283f824d840865014d840902590044'),('4028818254c0e44b0154c0f2ceb90001','Chrome','用户: admin[信息中心]登录成功',1,'192.168.1.2','2016-05-18 07:00:18',1,'40283f824d840865014d840902590044'),('40288183515e5d0401515e5d7fab0000','MSIE 8.0','用户: admin[信息中心]登录成功',1,'192.168.1.3','2015-12-02 00:26:04',1,'40283f824d840865014d840902590044'),('40288183515e5d0401515e5e9ae70001','MSIE 8.0','用户: admin[信息中心]登录成功',1,'192.168.1.3','2015-12-02 00:27:17',1,'40283f824d840865014d840902590044'),('4028818354bbd7fd0154bbe18c410000','rv:11.0','用户: admin[信息中心]登录成功',1,'192.168.1.3','2016-05-17 07:23:21',1,'40283f824d840865014d840902590044'),('4028818551688fa80151689268870000','MSIE 8.0','用户: admin[信息中心]登录成功',1,'192.168.1.5','2015-12-04 00:00:04',1,'40283f824d840865014d840902590044'),('402881e45af6399c015af63b666b0000','rv:11.0','用户: admin[信息中心]登录成功',1,'192.168.1.100','2017-03-22 21:36:12',1,'40283f824d840865014d840902590044'),('402881e45d31ad2a015d31ada5540000','rv:11.0','用户: admin[信息中心]登录成功',1,'192.168.1.100','2017-07-11 20:44:09',1,'40283f824d840865014d840902590044'),('402881e45d31bc25015d31bcc33a0000','rv:11.0','用户: admin[信息中心]登录成功',1,'192.168.1.100','2017-07-11 21:00:40',1,'40283f824d840865014d840902590044'),('402881e45d31bea2015d31bf33820000','rv:11.0','用户: admin[信息中心]登录成功',1,'192.168.1.100','2017-07-11 21:03:20',1,'40283f824d840865014d840902590044'),('402881e45d31bea2015d31caf2da0002','rv:11.0','角色: fff被添加成功',3,'192.168.1.100','2017-07-11 21:16:10',1,'40283f824d840865014d840902590044'),('402881e45d31db62015d31dbd8160000','rv:11.0','用户: admin[信息中心]登录成功',1,'192.168.1.100','2017-07-11 21:34:37',1,'40283f824d840865014d840902590044'),('402881e45d31db62015d31dceebd0001','rv:11.0','权限: 会诊申请被更新成功',5,'192.168.1.100','2017-07-11 21:35:48',1,'40283f824d840865014d840902590044'),('402881e45d31db62015d31de0f450002','rv:11.0','权限: 会诊申请被更新成功',5,'192.168.1.100','2017-07-11 21:37:02',1,'40283f824d840865014d840902590044'),('402881e45d31db62015d31df1c000004','rv:11.0','用户admin已退出',2,'192.168.1.100','2017-07-11 21:38:11',1,'40283f824d840865014d840902590044'),('402881e45d31db62015d31df44200005','rv:11.0','用户: admin[信息中心]登录成功',1,'192.168.1.100','2017-07-11 21:38:21',1,'40283f824d840865014d840902590044'),('402881e45d31ebbc015d31f4ffe90000','rv:11.0','用户: admin[信息中心]登录成功',1,'192.168.1.100','2017-07-11 22:02:06',1,'40283f824d840865014d840902590044'),('402881e45d31f7f0015d31f851da0000','rv:11.0','用户: admin[信息中心]登录成功',1,'192.168.1.100','2017-07-11 22:05:43',1,'40283f824d840865014d840902590044'),('402881e45d31fccf015d31fd3c9b0000','rv:11.0','用户: admin[信息中心]登录成功',1,'192.168.1.100','2017-07-11 22:11:06',1,'40283f824d840865014d840902590044'),('402881e45e0a7a8c015e0a7ae8900000','MSIE 10.0','用户: admin[消化内科]登录成功',1,'192.168.1.100','2017-08-22 23:06:20',1,'40283f824d840865014d840902590044'),('402881e45e0a848d015e0a84ac160000','MSIE 10.0','用户: admin[消化内科]登录成功',1,'192.168.1.100','2017-08-22 23:17:00',1,'40283f824d840865014d840902590044'),('402881e45e0f1409015e0f14a7280000','MSIE 10.0','用户: admin[消化内科]登录成功',1,'192.168.1.100','2017-08-23 20:32:45',1,'40283f824d840865014d840902590044'),('402881e45e0f1409015e0f163a090002','MSIE 10.0','权限: 会诊业务被添加成功',3,'192.168.1.100','2017-08-23 20:34:28',1,'40283f824d840865014d840902590044'),('402881e45e0f1409015e0f169f720003','MSIE 10.0','权限: 会诊申请被更新成功',5,'192.168.1.100','2017-08-23 20:34:54',1,'40283f824d840865014d840902590044'),('402881e45e0f1409015e0f177b350005','MSIE 10.0','权限: 会诊审核被添加成功',3,'192.168.1.100','2017-08-23 20:35:50',1,'40283f824d840865014d840902590044'),('402881e45e0f1409015e0f1861c30007','MSIE 10.0','权限: 会诊安排被添加成功',3,'192.168.1.100','2017-08-23 20:36:49',1,'40283f824d840865014d840902590044'),('402881e45e0f1409015e0f1911ba0009','MSIE 10.0','权限: 远程会诊被添加成功',3,'192.168.1.100','2017-08-23 20:37:34',1,'40283f824d840865014d840902590044'),('402881e45e0f1409015e0f19bbd9000b','MSIE 10.0','权限: 会诊完成被添加成功',3,'192.168.1.100','2017-08-23 20:38:18',1,'40283f824d840865014d840902590044'),('402881e45e0f1409015e0f19f0de000c','MSIE 10.0','权限: 会诊完成被更新成功',5,'192.168.1.100','2017-08-23 20:38:31',1,'40283f824d840865014d840902590044'),('402881e45e0f1409015e0f1adb03000e','MSIE 10.0','权限: 申请单查询被添加成功',3,'192.168.1.100','2017-08-23 20:39:31',1,'40283f824d840865014d840902590044'),('402881e45e0f1409015e0f1b9de90015','MSIE 10.0','用户admin已退出',2,'192.168.1.100','2017-08-23 20:40:21',1,'40283f824d840865014d840902590044'),('402881e45e0f1409015e0f1bc44d0016','MSIE 10.0','用户: admin[消化内科]登录成功',1,'192.168.1.100','2017-08-23 20:40:31',1,'40283f824d840865014d840902590044'),('402881e45e0f1c73015e0f1d77540000','MSIE 10.0','用户: admin[消化内科]登录成功',1,'192.168.1.100','2017-08-23 20:42:22',1,'40283f824d840865014d840902590044'),('402881e45e0f1c73015e0f2242a80001','MSIE 10.0','权限: 存储设置被更新成功',5,'192.168.1.100','2017-08-23 20:47:37',1,'40283f824d840865014d840902590044'),('402881e45e0f1c73015e0f23baff0002','MSIE 10.0','权限: BLOB被删除成功',4,'192.168.1.100','2017-08-23 20:49:13',1,'40283f824d840865014d840902590044'),('402881e45e0f1c73015e0f23e0580003','MSIE 10.0','权限: GAGAG被删除成功',4,'192.168.1.100','2017-08-23 20:49:23',1,'40283f824d840865014d840902590044'),('402881e45e0f1c73015e0f266f640004','MSIE 10.0','文档上传磁盘路径更新成功',5,'192.168.1.100','2017-08-23 20:52:10',1,'40283f824d840865014d840902590044'),('402881e45e0f3ce1015e0f3d91880000','MSIE 10.0','用户: admin[消化内科]登录成功',1,'192.168.1.100','2017-08-23 21:17:26',1,'40283f824d840865014d840902590044'),('402881e45e0f3ce1015e0f3ed87a0001','MSIE 10.0','定时任务管理删除成功',4,'192.168.1.100','2017-08-23 21:18:50',1,'40283f824d840865014d840902590044'),('402881e45e0f3ce1015e0f3fd1420002','MSIE 10.0','角色: fff被删除成功',4,'192.168.1.100','2017-08-23 21:19:54',1,'40283f824d840865014d840902590044'),('402881e45e0f4b01015e0f4bea570000','MSIE 10.0','用户: admin[消化内科]登录成功',1,'192.168.1.100','2017-08-23 21:33:07',1,'40283f824d840865014d840902590044'),('402881e45e0f4f1f015e0f4f7dff0000','MSIE 10.0','用户: admin[消化内科]登录成功',1,'192.168.1.100','2017-08-23 21:37:01',1,'40283f824d840865014d840902590044'),('402881e45e0f5279015e0f52eedb0000','MSIE 10.0','用户: admin[消化内科]登录成功',1,'192.168.1.100','2017-08-23 21:40:46',1,'40283f824d840865014d840902590044'),('402881e45e0f5279015e0f5351440001','MSIE 10.0','权限: 业务查询被删除成功',4,'192.168.1.100','2017-08-23 21:41:12',1,'40283f824d840865014d840902590044'),('402881e45e0f5279015e0f536ff60002','MSIE 10.0','权限: 手术信息管理被删除成功',4,'192.168.1.100','2017-08-23 21:41:19',1,'40283f824d840865014d840902590044'),('402881e45e0f5279015e0f538d180003','MSIE 10.0','权限: 手术信息被删除成功',4,'192.168.1.100','2017-08-23 21:41:27',1,'40283f824d840865014d840902590044'),('402881e45e0f5279015e0f543dca0004','MSIE 10.0','用户admin已退出',2,'192.168.1.100','2017-08-23 21:42:12',1,'40283f824d840865014d840902590044'),('402881e45e0f5279015e0f5460c20005','MSIE 10.0','用户: admin[消化内科]登录成功',1,'192.168.1.100','2017-08-23 21:42:21',1,'40283f824d840865014d840902590044'),('402881e45e0f5279015e0f557e810006','MSIE 10.0','权限: 会诊数据被更新成功',5,'192.168.1.100','2017-08-23 21:43:34',1,'40283f824d840865014d840902590044'),('402881e45e0f5279015e0f55b0bb0007','MSIE 10.0','用户admin已退出',2,'192.168.1.100','2017-08-23 21:43:47',1,'40283f824d840865014d840902590044'),('402881e45e0f5279015e0f55cf520008','MSIE 10.0','用户: admin[消化内科]登录成功',1,'192.168.1.100','2017-08-23 21:43:55',1,'40283f824d840865014d840902590044'),('402881e45e0f5998015e0f5cf2ae0000','MSIE 10.0','用户: admin[消化内科]登录成功',1,'192.168.1.100','2017-08-23 21:51:43',1,'40283f824d840865014d840902590044'),('402881e45e0f6433015e0f6489140000','MSIE 10.0','用户: admin[消化内科]登录成功',1,'192.168.1.100','2017-08-23 22:00:00',1,'40283f824d840865014d840902590044'),('402881e55d2c6577015d2c65c5b00000','rv:11.0','用户: admin[信息中心]登录成功',1,'192.168.1.101','2017-07-10 20:07:33',1,'40283f824d840865014d840902590044'),('402881e55d2c7123015d2c7194fa0000','rv:11.0','用户: admin[信息中心]登录成功',1,'192.168.1.101','2017-07-10 20:20:27',1,'40283f824d840865014d840902590044'),('402881e55d2c8201015d2c82b2f50000','rv:11.0','用户: admin[信息中心]登录成功',1,'192.168.1.101','2017-07-10 20:39:09',1,'40283f824d840865014d840902590044'),('402881e55d2c8201015d2c83eb1a0002','rv:11.0','权限: 会诊直播被添加成功',3,'192.168.1.101','2017-07-10 20:40:29',1,'40283f824d840865014d840902590044'),('402881e55d2c8201015d2c8461b30004','rv:11.0','用户admin已退出',2,'192.168.1.101','2017-07-10 20:40:59',1,'40283f824d840865014d840902590044'),('402881e55d2c8201015d2c847e4d0005','rv:11.0','用户: admin[信息中心]登录成功',1,'192.168.1.101','2017-07-10 20:41:06',1,'40283f824d840865014d840902590044'),('402881e55d2cbba4015d2cbc2e120000','rv:11.0','用户: admin[信息中心]登录成功',1,'192.168.1.101','2017-07-10 21:41:56',1,'40283f824d840865014d840902590044'),('402881e65ccb16e8015ccb1751400000','rv:11.0','用户: admin[信息中心]登录成功',1,'192.168.1.102','2017-06-21 22:38:41',1,'40283f824d840865014d840902590044'),('402881e65ccb16e8015ccb17b9df0002','rv:11.0','会诊室管理添加成功',3,'192.168.1.102','2017-06-21 22:39:08',1,'40283f824d840865014d840902590044'),('402881e75d494105015d4941690d0000','rv:11.0','用户: admin[信息中心]登录成功',1,'192.168.1.103','2017-07-16 10:36:49',1,'40283f824d840865014d840902590044'),('402881e75d494105015d494627730002','rv:11.0','用户: admin更新成功',5,'192.168.1.103','2017-07-16 10:42:00',1,'40283f824d840865014d840902590044'),('402881e75d494105015d494cca820003','rv:11.0','用户admin已退出',2,'192.168.1.103','2017-07-16 10:49:15',1,'40283f824d840865014d840902590044'),('402881e75d494105015d494cebe80004','rv:11.0','用户: admin[消化内科]登录成功',1,'192.168.1.103','2017-07-16 10:49:24',1,'40283f824d840865014d840902590044'),('402881e75d494105015d4951b99c0007','rv:11.0','会诊申请提交成功',5,'192.168.1.103','2017-07-16 10:54:38',1,'40283f824d840865014d840902590044'),('402881e75d4a9f69015d4aa071510000','rv:11.0','用户: admin[消化内科]登录成功',1,'192.168.1.103','2017-07-16 17:00:15',1,'40283f824d840865014d840902590044'),('402881e75d4a9f69015d4aa117b30002','rv:11.0','权限: GAGAG被添加成功',3,'192.168.1.103','2017-07-16 17:00:57',1,'40283f824d840865014d840902590044'),('402881e75d4a9f69015d4aa175fc0005','rv:11.0','用户admin已退出',2,'192.168.1.103','2017-07-16 17:01:21',1,'40283f824d840865014d840902590044'),('402881e75d4a9f69015d4aa199f20006','rv:11.0','用户: admin[消化内科]登录成功',1,'192.168.1.103','2017-07-16 17:01:30',1,'40283f824d840865014d840902590044'),('402881e75d4aa43e015d4aa54e3a0000','rv:11.0','用户: admin[消化内科]登录成功',1,'192.168.1.103','2017-07-16 17:05:33',1,'40283f824d840865014d840902590044'),('402881e75d4ab089015d4ab0c2270000','rv:11.0','用户: admin[消化内科]登录成功',1,'192.168.1.103','2017-07-16 17:18:04',1,'40283f824d840865014d840902590044'),('402881e75d4abaf9015d4abbb0370000','rv:11.0','用户: admin[消化内科]登录成功',1,'192.168.1.103','2017-07-16 17:30:00',1,'40283f824d840865014d840902590044'),('402881e75d4abe2e015d4abe8cda0000','rv:11.0','用户: admin[消化内科]登录成功',1,'192.168.1.103','2017-07-16 17:33:08',1,'40283f824d840865014d840902590044'),('402881e75d4b397e015d4b3abbc20000','rv:11.0','用户: admin[消化内科]登录成功',1,'192.168.1.103','2017-07-16 19:48:46',1,'40283f824d840865014d840902590044'),('402881e75d4b3c86015d4b3e98140000','rv:11.0','用户: admin[消化内科]登录成功',1,'192.168.1.103','2017-07-16 19:52:59',1,'40283f824d840865014d840902590044'),('402881e75d4b3c86015d4b3f0a0e0002','rv:11.0','会诊室管理添加成功',3,'192.168.1.103','2017-07-16 19:53:28',1,'40283f824d840865014d840902590044'),('402881e75d4b4c16015d4b4c957d0000','rv:11.0','用户: admin[消化内科]登录成功',1,'192.168.1.103','2017-07-16 20:08:16',1,'40283f824d840865014d840902590044'),('402881e75d4b4c16015d4b50b0940004','rv:11.0','会诊室管理添加成功',3,'192.168.1.103','2017-07-16 20:12:45',1,'40283f824d840865014d840902590044'),('402881e75d4b4c16015d4b558cd70007','rv:11.0','会诊室管理添加成功',3,'192.168.1.103','2017-07-16 20:18:04',1,'40283f824d840865014d840902590044'),('402881e75d4b5caf015d4b5d16530000','rv:11.0','用户: admin[消化内科]登录成功',1,'192.168.1.103','2017-07-16 20:26:18',1,'40283f824d840865014d840902590044'),('402881e75d4b5caf015d4b69bd500002','rv:11.0','会诊室管理添加成功',3,'192.168.1.103','2017-07-16 20:40:07',1,'40283f824d840865014d840902590044'),('402881e75d4b5caf015d4b6af66e0004','rv:11.0','会诊室管理添加成功',3,'192.168.1.103','2017-07-16 20:41:27',1,'40283f824d840865014d840902590044'),('402881e75d4b5caf015d4b6c45330007','rv:11.0','病人信息添加成功',3,'192.168.1.103','2017-07-16 20:42:53',1,'40283f824d840865014d840902590044'),('402881e75d4b79d9015d4b7a4b3d0000','rv:11.0','用户: admin[消化内科]登录成功',1,'192.168.1.103','2017-07-16 20:58:12',1,'40283f824d840865014d840902590044'),('402881e75d4b79d9015d4b839c880001','rv:11.0','会诊室管理删除成功',4,'192.168.1.103','2017-07-16 21:08:22',1,'40283f824d840865014d840902590044'),('402881e75d4b79d9015d4b83a6570002','rv:11.0','会诊室管理删除成功',4,'192.168.1.103','2017-07-16 21:08:25',1,'40283f824d840865014d840902590044'),('402881e75d4b79d9015d4b83b5200003','rv:11.0','会诊室管理删除成功',4,'192.168.1.103','2017-07-16 21:08:29',1,'40283f824d840865014d840902590044'),('402881e75d4b79d9015d4b83c0fe0004','rv:11.0','会诊室管理删除成功',4,'192.168.1.103','2017-07-16 21:08:32',1,'40283f824d840865014d840902590044'),('402881e75d4b8564015d4b85c47d0000','rv:11.0','用户: admin[消化内科]登录成功',1,'192.168.1.103','2017-07-16 21:10:44',1,'40283f824d840865014d840902590044'),('402881e75d5594cc015d559546730000','rv:11.0','用户: admin[消化内科]登录成功',1,'192.168.1.103','2017-07-18 20:03:52',1,'40283f824d840865014d840902590044'),('402881e75d5597f5015d559866960000','rv:11.0','用户: admin[消化内科]登录成功',1,'192.168.1.103','2017-07-18 20:07:17',1,'40283f824d840865014d840902590044'),('402881e75d55a44e015d55a469910000','rv:11.0','用户: admin[消化内科]登录成功',1,'192.168.1.103','2017-07-18 20:20:24',1,'40283f824d840865014d840902590044'),('402881e75d55a44e015d55a4d0740001','rv:11.0','权限: 医生管理被更新成功',5,'192.168.1.103','2017-07-18 20:20:50',1,'40283f824d840865014d840902590044'),('402881e75d55a44e015d55a536bb0002','rv:11.0','用户admin已退出',2,'192.168.1.103','2017-07-18 20:21:17',1,'40283f824d840865014d840902590044'),('402881e75d55a44e015d55a55f190003','rv:11.0','用户: admin[消化内科]登录成功',1,'192.168.1.103','2017-07-18 20:21:27',1,'40283f824d840865014d840902590044'),('402881e75d55a44e015d55a8dcac0005','rv:11.0','专家库管理添加成功',3,'192.168.1.103','2017-07-18 20:25:16',1,'40283f824d840865014d840902590044'),('402881e75d55a44e015d55ac20f10006','rv:11.0','专家库管理删除成功',4,'192.168.1.103','2017-07-18 20:28:50',1,'40283f824d840865014d840902590044'),('402881e75d55a44e015d55ac45130008','rv:11.0','专家库管理添加成功',3,'192.168.1.103','2017-07-18 20:28:59',1,'40283f824d840865014d840902590044'),('402881e75d55a44e015d55aee150000a','rv:11.0','专家库管理添加成功',3,'192.168.1.103','2017-07-18 20:31:50',1,'40283f824d840865014d840902590044'),('402881e75d55a44e015d55b0261a000c','rv:11.0','专家库管理添加成功',3,'192.168.1.103','2017-07-18 20:33:13',1,'40283f824d840865014d840902590044'),('402881e75d55b3b1015d55b3fcd00000','rv:11.0','用户: admin[消化内科]登录成功',1,'192.168.1.103','2017-07-18 20:37:25',1,'40283f824d840865014d840902590044'),('402881e75d55b3b1015d55c0f1750002','rv:11.0','部门: 11weee被添加成功',3,'192.168.1.103','2017-07-18 20:51:34',1,'40283f824d840865014d840902590044'),('402881e75d55b3b1015d55c1114d0003','rv:11.0','部门: 11weee被删除 成功',4,'192.168.1.103','2017-07-18 20:51:42',1,'40283f824d840865014d840902590044'),('402881e75d55e1b6015d55e309e90000','rv:11.0','用户: admin[消化内科]登录成功',1,'192.168.1.103','2017-07-18 21:28:48',1,'40283f824d840865014d840902590044'),('402881e75d5600d4015d5601790d0000','rv:11.0','用户: admin[消化内科]登录成功',1,'192.168.1.103','2017-07-18 22:02:03',1,'40283f824d840865014d840902590044'),('402881e75d5600d4015d56050d930002','rv:11.0','用户: admin[消化内科]登录成功',1,'192.168.1.103','2017-07-18 22:05:58',1,'40283f824d840865014d840902590044'),('402881e75d5600d4015d5605ce640003','rv:11.0','用户admin已退出',2,'192.168.1.103','2017-07-18 22:06:47',1,'40283f824d840865014d840902590044'),('402881e75d5600d4015d5605f23b0004','rv:11.0','用户: admin[消化内科]登录成功',1,'192.168.1.103','2017-07-18 22:06:56',1,'40283f824d840865014d840902590044'),('402881e85cc05308015cc05541a80000','rv:11.0','用户: admin[信息中心]登录成功',1,'192.168.1.104','2017-06-19 20:30:31',1,'40283f824d840865014d840902590044'),('402881e85cc05308015cc05748030001','rv:11.0','部门: 省立医院被更新成功',5,'192.168.1.104','2017-06-19 20:32:44',1,'40283f824d840865014d840902590044'),('402881e85cc05308015cc05874f40002','rv:11.0','部门: 济南市银行被删除 成功',4,'192.168.1.104','2017-06-19 20:34:01',1,'40283f824d840865014d840902590044'),('402881e85cc05308015cc058b0550004','rv:11.0','部门: 内科X被添加成功',3,'192.168.1.104','2017-06-19 20:34:16',1,'40283f824d840865014d840902590044'),('402881e85cc05308015cc05962590006','rv:11.0','部门: 消化内科被添加成功',3,'192.168.1.104','2017-06-19 20:35:02',1,'40283f824d840865014d840902590044'),('402881e85cc05308015cc05a23390008','rv:11.0','部门: 呼吸内科被添加成功',3,'192.168.1.104','2017-06-19 20:35:51',1,'40283f824d840865014d840902590044'),('402881e85cc05308015cc05a70de000a','rv:11.0','部门: 外科X被添加成功',3,'192.168.1.104','2017-06-19 20:36:11',1,'40283f824d840865014d840902590044'),('402881e85cc05308015cc09d6c84000b','rv:11.0','用户: admin[信息中心]登录成功',1,'192.168.1.104','2017-06-19 21:49:21',1,'40283f824d840865014d840902590044'),('402881ed4cffd248014cffd3091d0000','rv:11.0','用户: admin[信息中心]登录成功',1,'192.168.1.109','2015-04-28 19:39:22',1,'40283f824d840865014d840902590044'),('402881ed4cffd248014cffd559410001','rv:11.0','手术查询更新成功',5,'192.168.1.109','2015-04-28 19:41:54',1,'40283f824d840865014d840902590044'),('402881ed5d086fa1015d0878ba190000','rv:11.0','用户: admin[信息中心]登录成功',1,'192.168.1.109','2017-07-03 20:41:55',1,'40283f824d840865014d840902590044'),('402881ed5d086fa1015d08c506550001','rv:11.0','用户: admin[信息中心]登录成功',1,'192.168.1.109','2017-07-03 22:05:16',1,'40283f824d840865014d840902590044'),('402881f55d4a3284015d4a329e850000','rv:11.0','用户: admin[消化内科]登录成功',1,'192.168.1.117','2017-07-16 15:00:17',1,'40283f824d840865014d840902590044'),('402881f55d4a3284015d4a3365f10002','rv:11.0','权限: BLOB被添加成功',3,'192.168.1.117','2017-07-16 15:01:08',1,'40283f824d840865014d840902590044'),('402881f55d4a3284015d4a33b1940004','rv:11.0','用户admin已退出',2,'192.168.1.117','2017-07-16 15:01:28',1,'40283f824d840865014d840902590044'),('402881f55d4a3284015d4a33d2fb0005','rv:11.0','用户: admin[消化内科]登录成功',1,'192.168.1.117','2017-07-16 15:01:36',1,'40283f824d840865014d840902590044'),('4028ab0c5d225be5015d225d0eb80000','rv:11.0','用户: admin[信息中心]登录成功',1,'192.168.43.140','2017-07-08 21:21:50',1,'40283f824d840865014d840902590044'),('4028ab0c5d225be5015d2261dd830002','rv:11.0','权限: afaafaf被添加成功',3,'192.168.43.140','2017-07-08 21:27:05',1,'40283f824d840865014d840902590044'),('4028ab0c5d225be5015d22ca64090003','rv:11.0','用户: admin[信息中心]登录成功',1,'192.168.43.140','2017-07-08 23:21:15',1,'40283f824d840865014d840902590044'),('8a8a8be25166304a01516631bcaf0000','MSIE 8.0','用户: admin[信息中心]登录成功',1,'10.10.11.98','2015-12-03 12:55:14',1,'40283f824d840865014d840902590044'),('8a8a8be25166efe7015166f4a11d0000','MSIE 8.0','用户: admin[信息中心]登录成功',1,'10.10.11.98','2015-12-03 16:28:06',1,'40283f824d840865014d840902590044'),('8a8a8be25166efe70151678746550001','MSIE 8.0','用户: admin[信息中心]登录成功',1,'10.10.11.98','2015-12-03 19:08:17',1,'40283f824d840865014d840902590044'),('8a8a8be25166efe70151679732b80002','MSIE 8.0','用户: admin[信息中心]登录成功',1,'10.10.11.98','2015-12-03 19:25:40',1,'40283f824d840865014d840902590044'),('8a8a8be251679ab90151679c35c80000','MSIE 8.0','用户: admin[信息中心]登录成功',1,'10.10.11.98','2015-12-03 19:31:09',1,'40283f824d840865014d840902590044'),('8ac840b05cb3cf13015cb3d854180000','rv:11.0','用户: admin[信息中心]登录成功',1,'10.72.192.48','2017-06-17 10:18:37',1,'40283f824d840865014d840902590044'),('ff808081515d82b101515d8394a00000','MSIE 8.0','用户: admin[信息中心]登录成功',1,'127.0.0.1','2015-12-01 20:28:03',1,'40283f824d840865014d840902590044'),('ff808081515d89f101515d8a63300000','MSIE 8.0','用户: admin[信息中心]登录成功',1,'127.0.0.1','2015-12-01 20:35:29',1,'40283f824d840865014d840902590044'),('ff808081515d8c5501515d8ce6120000','MSIE 8.0','用户: admin[信息中心]登录成功',1,'127.0.0.1','2015-12-01 20:38:13',1,'40283f824d840865014d840902590044'),('ff808081515d8c5501515d8d4dde0001','MSIE 8.0','用户: admin[信息中心]登录成功',1,'127.0.0.1','2015-12-01 20:38:40',1,'40283f824d840865014d840902590044'),('ff808081515d964501515d97495b0000','MSIE 8.0','用户: admin[信息中心]登录成功',1,'127.0.0.1','2015-12-01 20:49:34',1,'40283f824d840865014d840902590044'),('ff808081515d964501515d9c29700002','MSIE 8.0','权限: 手术信息管理被添加成功',3,'127.0.0.1','2015-12-01 20:54:54',1,'40283f824d840865014d840902590044'),('ff808081515d9d5001515d9dd0700000','MSIE 8.0','用户: admin[信息中心]登录成功',1,'127.0.0.1','2015-12-01 20:56:42',1,'40283f824d840865014d840902590044'),('ff808081515da59901515da5f78b0000','MSIE 8.0','用户: admin[信息中心]登录成功',1,'127.0.0.1','2015-12-01 21:05:36',1,'40283f824d840865014d840902590044'),('ff808081515da78801515da840210000','MSIE 8.0','用户: admin[信息中心]登录成功',1,'127.0.0.1','2015-12-01 21:08:06',1,'40283f824d840865014d840902590044'),('ff808081515dac3f01515dad08f20000','MSIE 8.0','用户: admin[信息中心]登录成功',1,'127.0.0.1','2015-12-01 21:13:19',1,'40283f824d840865014d840902590044'),('ff808081515db22801515db2bd6d0000','MSIE 8.0','用户: admin[信息中心]登录成功',1,'127.0.0.1','2015-12-01 21:19:33',1,'40283f824d840865014d840902590044'),('ff808081515db93801515dba35380000','MSIE 8.0','用户: admin[信息中心]登录成功',1,'127.0.0.1','2015-12-01 21:27:43',1,'40283f824d840865014d840902590044'),('ff808081515db93801515dbdb48d0001','MSIE 8.0','作废成功',5,'127.0.0.1','2015-12-01 21:31:32',1,'40283f824d840865014d840902590044'),('ff808081515db93801515dbeb89c0002','MSIE 8.0','用户: admin[信息中心]登录成功',1,'127.0.0.1','2015-12-01 21:32:38',1,'40283f824d840865014d840902590044'),('ff808081515db93801515dc2244f0003','MSIE 8.0','手术查询更新成功',5,'127.0.0.1','2015-12-01 21:36:23',1,'40283f824d840865014d840902590044'),('ff808081515db93801515dc2b08e0004','MSIE 8.0','手术查询更新成功',5,'127.0.0.1','2015-12-01 21:36:59',1,'40283f824d840865014d840902590044'),('ff808081515db93801515dc94f5e0005','MSIE 8.0','定时任务管理更新成功',5,'127.0.0.1','2015-12-01 21:44:12',1,'40283f824d840865014d840902590044'),('ff808081515dc98e01515dca22ff0000','MSIE 8.0','用户: admin[信息中心]登录成功',1,'127.0.0.1','2015-12-01 21:45:07',1,'40283f824d840865014d840902590044'),('ff808081515dc98e01515dca58120001','MSIE 8.0','停止任务taskDemoServiceTaskCronTrigger',5,'127.0.0.1','2015-12-01 21:45:20',1,'40283f824d840865014d840902590044'),('ff808081515dc98e01515dd6aaba0003','MSIE 8.0','医护人员添加成功',3,'127.0.0.1','2015-12-01 21:58:48',1,'40283f824d840865014d840902590044'),('ff808081515dc98e01515de0ae790004','MSIE 8.0','用户: admin[信息中心]登录成功',1,'192.168.1.3','2015-12-01 22:09:44',1,'40283f824d840865014d840902590044'),('ff808081515dc98e01515ded536f0005','MSIE 8.0','权限: 手术室直播被更新成功',5,'192.168.1.3','2015-12-01 22:23:33',1,'40283f824d840865014d840902590044'),('ff808081515dc98e01515dee956c0006','MSIE 8.0','用户admin已退出',2,'192.168.1.3','2015-12-01 22:24:55',1,'40283f824d840865014d840902590044'),('ff8080815244bad3015244bb41120000','MSIE 8.0','用户: admin[信息中心]登录成功',1,'127.0.0.1','2016-01-15 18:01:08',1,'40283f824d840865014d840902590044'),('ff80808154c41c5f0154c429b32d0000','rv:11.0','用户: admin[信息中心]登录成功',1,'127.0.0.1','2016-05-18 21:59:07',1,'40283f824d840865014d840902590044'),('ff80808154c41c5f0154c44348cf0001','rv:11.0','用户: admin[信息中心]登录成功',1,'192.168.1.2','2016-05-18 22:27:04',1,'40283f824d840865014d840902590044'),('ff80808154c41c5f0154c4471c750002','rv:11.0','用户: admin[信息中心]登录成功',1,'192.168.1.2','2016-05-18 22:31:15',1,'40283f824d840865014d840902590044'),('ff80808154c41c5f0154c44e39f20003','rv:11.0','用户: admin[信息中心]登录成功',1,'192.168.1.2','2016-05-18 22:39:01',1,'40283f824d840865014d840902590044'),('ff80808154c41c5f0154c45205a80004','rv:11.0','用户: admin[信息中心]登录成功',1,'192.168.1.2','2016-05-18 22:43:10',1,'40283f824d840865014d840902590044'),('ff8080815c94db58015c94dba0c40000','rv:11.0','用户: admin[信息中心]登录成功',1,'127.0.0.1','2017-06-11 09:54:00',1,'40283f824d840865014d840902590044'),('ff8080815c94db58015c94dbed100002','rv:11.0','病人信息添加成功',3,'127.0.0.1','2017-06-11 09:54:20',1,'40283f824d840865014d840902590044'),('ff8080815c94db58015c94e489800004','rv:11.0','类型分组: 会议室类型被添加成功',3,'127.0.0.1','2017-06-11 10:03:44',1,'40283f824d840865014d840902590044'),('ff8080815c94db58015c94e53b700005','rv:11.0','类型分组: 会议室类型被更新成功',5,'127.0.0.1','2017-06-11 10:04:29',1,'40283f824d840865014d840902590044'),('ff8080815c94db58015c94e5d4550007','rv:11.0','类型: 01被添加成功',3,'127.0.0.1','2017-06-11 10:05:09',1,'40283f824d840865014d840902590044'),('ff8080815c94db58015c94e6199e0009','rv:11.0','类型: 11被添加成功',3,'127.0.0.1','2017-06-11 10:05:26',1,'40283f824d840865014d840902590044'),('ff8080815c94db58015c94e7326b000b','rv:11.0','类型分组: 职称被添加成功',3,'127.0.0.1','2017-06-11 10:06:38',1,'40283f824d840865014d840902590044'),('ff8080815c94db58015c94e767cd000c','rv:11.0','类型分组: 医生职称被更新成功',5,'127.0.0.1','2017-06-11 10:06:52',1,'40283f824d840865014d840902590044'),('ff8080815c94db58015c94e7ae4e000e','rv:11.0','类型: 01被添加成功',3,'127.0.0.1','2017-06-11 10:07:10',1,'40283f824d840865014d840902590044'),('ff8080815c94db58015c94e7f8480010','rv:11.0','类型: 11被添加成功',3,'127.0.0.1','2017-06-11 10:07:29',1,'40283f824d840865014d840902590044'),('ff8080815c94db58015c94e87ab00012','rv:11.0','类型分组: 收费标准被添加成功',3,'127.0.0.1','2017-06-11 10:08:02',1,'40283f824d840865014d840902590044'),('ff8080815c94db58015c94e8e0460014','rv:11.0','类型: 01被添加成功',3,'127.0.0.1','2017-06-11 10:08:28',1,'40283f824d840865014d840902590044'),('ff8080815c94db58015c94e92be50016','rv:11.0','类型: 02被添加成功',3,'127.0.0.1','2017-06-11 10:08:48',1,'40283f824d840865014d840902590044'),('ff8080815c94db58015c94e999090018','rv:11.0','类型分组: 申请单状态被添加成功',3,'127.0.0.1','2017-06-11 10:09:16',1,'40283f824d840865014d840902590044'),('ff8080815c94db58015c94e9d82b001a','rv:11.0','类型: 00被添加成功',3,'127.0.0.1','2017-06-11 10:09:32',1,'40283f824d840865014d840902590044'),('ff8080815c94db58015c94ea346d001b','rv:11.0','类型分组: 申请单状态被更新成功',5,'127.0.0.1','2017-06-11 10:09:55',1,'40283f824d840865014d840902590044'),('ff8080815c94db58015c94eabd79001d','rv:11.0','类型分组: 会诊报告类型被添加成功',3,'127.0.0.1','2017-06-11 10:10:30',1,'40283f824d840865014d840902590044'),('ff8080815c94db58015c94eb1375001f','rv:11.0','类型: 00被添加成功',3,'127.0.0.1','2017-06-11 10:10:52',1,'40283f824d840865014d840902590044'),('ff8080815c94db58015c94eb52870021','rv:11.0','类型: 01被添加成功',3,'127.0.0.1','2017-06-11 10:11:09',1,'40283f824d840865014d840902590044'),('ff8080815c94db58015c94eb8a590023','rv:11.0','类型: 02被添加成功',3,'127.0.0.1','2017-06-11 10:11:23',1,'40283f824d840865014d840902590044'),('ff8080815c94db58015c94f624740025','rv:11.0','类型: met_room被添加成功',3,'127.0.0.1','2017-06-11 10:22:58',1,'40283f824d840865014d840902590044'),('ff8080815c94db58015c94f70ed10026','rv:11.0','类型: 会诊室被更新成功',5,'127.0.0.1','2017-06-11 10:23:58',1,'40283f824d840865014d840902590044'),('ff8080815c94db58015c94f7b8e50028','rv:11.0','类型: IP终端被添加成功',3,'127.0.0.1','2017-06-11 10:24:41',1,'40283f824d840865014d840902590044'),('ff8080815c94db58015c950d5185002a','rv:11.0','权限: 会诊准备被添加成功',3,'127.0.0.1','2017-06-11 10:48:17',1,'40283f824d840865014d840902590044'),('ff8080815c94db58015c950e55c9002c','rv:11.0','权限: 会诊数据被添加成功',3,'127.0.0.1','2017-06-11 10:49:23',1,'40283f824d840865014d840902590044'),('ff8080815c94db58015c950e8773002d','rv:11.0','权限: 会诊数据被更新成功',5,'127.0.0.1','2017-06-11 10:49:36',1,'40283f824d840865014d840902590044'),('ff8080815c95151b015c951604670000','rv:11.0','用户: admin[信息中心]登录成功',1,'127.0.0.1','2017-06-11 10:57:47',1,'40283f824d840865014d840902590044'),('ff8080815c955db7015c955e4c1f0000','rv:11.0','用户: admin[信息中心]登录成功',1,'127.0.0.1','2017-06-11 12:16:44',1,'40283f824d840865014d840902590044'),('ff8080815c955db7015c955ecd110001','rv:11.0','权限: 会诊准备被删除成功',4,'127.0.0.1','2017-06-11 12:17:17',1,'40283f824d840865014d840902590044'),('ff8080815c955db7015c9561873a0003','rv:11.0','权限: 会诊室管理被添加成功',3,'127.0.0.1','2017-06-11 12:20:15',1,'40283f824d840865014d840902590044'),('ff8080815c955db7015c9561b9030004','rv:11.0','权限: 会诊数据被更新成功',5,'127.0.0.1','2017-06-11 12:20:28',1,'40283f824d840865014d840902590044'),('ff8080815c955db7015c9562ae880006','rv:11.0','权限: 医生管理被添加成功',3,'127.0.0.1','2017-06-11 12:21:31',1,'40283f824d840865014d840902590044'),('ff8080815c955db7015c9563692f0008','rv:11.0','权限: 科室管理被添加成功',3,'127.0.0.1','2017-06-11 12:22:19',1,'40283f824d840865014d840902590044'),('ff8080815c955db7015c95641e0c000a','rv:11.0','权限: 病人管理被添加成功',3,'127.0.0.1','2017-06-11 12:23:05',1,'40283f824d840865014d840902590044'),('ff8080815c955db7015c9567f9c20010','rv:11.0','用户: admin[信息中心]登录成功',1,'127.0.0.1','2017-06-11 12:27:18',1,'40283f824d840865014d840902590044'),('ff8080815d49b98d015d49ba37d90000','rv:11.0','用户: admin[消化内科]登录成功',1,'127.0.0.1','2017-07-16 12:48:47',1,'40283f824d840865014d840902590044'),('ff8080815d49b98d015d49c028e50003','rv:11.0','部门: 设计部被更新成功',5,'127.0.0.1','2017-07-16 12:55:16',1,'40283f824d840865014d840902590044'),('ff8080815d49b98d015d49c6ea050005','rv:11.0','类型: 主任被添加成功',3,'192.168.1.117','2017-07-16 13:02:39',1,'40283f824d840865014d840902590044'),('ff8080815d49b98d015d49c83ddb0006','rv:11.0','医护人员更新成功',5,'192.168.1.117','2017-07-16 13:04:06',1,'40283f824d840865014d840902590044'),('ff8080815d49b98d015d49d9e2670007','rv:11.0','类型: 检查结果被更新成功',5,'192.168.1.117','2017-07-16 13:23:22',1,'40283f824d840865014d840902590044'),('ff8080815d49b98d015d49da40280008','rv:11.0','类型: 报告单被更新成功',5,'192.168.1.117','2017-07-16 13:23:46',1,'40283f824d840865014d840902590044'),('ff8080815d49b98d015d4a025b8e0009','rv:11.0','用户: admin[消化内科]登录成功',1,'192.168.1.117','2017-07-16 14:07:34',1,'40283f824d840865014d840902590044');

#
# Structure for table "t_s_config"
#

DROP TABLE IF EXISTS `t_s_config`;
CREATE TABLE `t_s_config` (
  `ID` varchar(32) NOT NULL,
  `code` varchar(100) DEFAULT NULL,
  `content` longtext,
  `name` varchar(100) NOT NULL,
  `note` longtext,
  `userid` varchar(32) DEFAULT NULL,
  PRIMARY KEY (`ID`),
  KEY `FK_m3q8r50ror4fl7fjkvd82tqgn` (`userid`),
  CONSTRAINT `FK_m3q8r50ror4fl7fjkvd82tqgn` FOREIGN KEY (`userid`) REFERENCES `t_s_user` (`id`)
) ENGINE=InnoDB DEFAULT CHARSET=utf8;

#
# Data for table "t_s_config"
#


#
# Structure for table "t_s_attachment"
#

DROP TABLE IF EXISTS `t_s_attachment`;
CREATE TABLE `t_s_attachment` (
  `ID` varchar(32) NOT NULL,
  `attachmentcontent` longblob,
  `attachmenttitle` varchar(100) DEFAULT NULL,
  `businesskey` varchar(32) DEFAULT NULL,
  `createdate` datetime DEFAULT NULL,
  `extend` varchar(32) DEFAULT NULL,
  `note` longtext,
  `realpath` varchar(100) DEFAULT NULL,
  `subclassname` longtext,
  `swfpath` longtext,
  `BUSENTITYNAME` varchar(100) DEFAULT NULL,
  `INFOTYPEID` varchar(32) DEFAULT NULL,
  `USERID` varchar(32) DEFAULT NULL,
  PRIMARY KEY (`ID`),
  KEY `FK_mnq23hlc835n4ufgjl7nkn3bd` (`USERID`),
  CONSTRAINT `FK_mnq23hlc835n4ufgjl7nkn3bd` FOREIGN KEY (`USERID`) REFERENCES `t_s_user` (`id`)
) ENGINE=InnoDB DEFAULT CHARSET=utf8;

#
# Data for table "t_s_attachment"
#

INSERT INTO `t_s_attachment` VALUES ('40283f824d840865014d8409018a0008',NULL,'JR079839867R90000001000',NULL,NULL,'doc',NULL,'JR079839867R90000001000',NULL,'upload/files/20130719201109hDr31jP1.swf',NULL,NULL,NULL),('40283f824d840865014d8409018e0009',NULL,'JEECG平台协议',NULL,NULL,'docx',NULL,'JEECG平台协议',NULL,'upload/files/20130719201156sYHjSFJj.swf',NULL,NULL,NULL),('40283f824d840865014d8409018f000a',NULL,'分析JEECG与其他的开源项目的不足和优势',NULL,NULL,'docx',NULL,'分析JEECG与其他的开源项目的不足和优势',NULL,'upload/files/20130719201727ZLEX1OSf.swf',NULL,NULL,NULL),('40283f824d840865014d84090190000b',NULL,'DMS-T3第三方租赁业务接口开发说明',NULL,NULL,'docx',NULL,'DMS-T3第三方租赁业务接口开发说明',NULL,'upload/files/20130719201841LzcgqUek.swf',NULL,NULL,NULL),('40283f824d840865014d84090191000c',NULL,'SAP-需求说明书-金融服务公司-第三方租赁业务需求V1.7-研发',NULL,NULL,'doc',NULL,'SAP-需求说明书-金融服务公司-第三方租赁业务需求V1.7-研发',NULL,'upload/files/20130719201925mkCrU47P.swf',NULL,NULL,NULL),('40283f824d840865014d84090194000d',NULL,'JEECG团队开发规范',NULL,NULL,'txt',NULL,'JEECG团队开发规范',NULL,'upload/files/20130724103633fvOTwNSV.swf',NULL,NULL,NULL),('40283f824d840865014d84090195000e',NULL,'第一模板',NULL,NULL,'doc',NULL,'第一模板',NULL,'upload/files/20130724104603pHDw4QUT.swf',NULL,NULL,NULL),('40283f824d840865014d84090196000f',NULL,'github入门使用教程',NULL,NULL,'doc',NULL,'github入门使用教程',NULL,'upload/files/20130704200345EakUH3WB.swf',NULL,NULL,NULL),('40283f824d840865014d840901980010',NULL,'github入门使用教程',NULL,NULL,'doc',NULL,'github入门使用教程',NULL,'upload/files/20130704200651IE8wPdZ4.swf',NULL,NULL,NULL),('40283f824d840865014d8409019a0011',NULL,'（张代浩）-金融服务公司机构岗位职责与任职资格设置表(根据模板填写）',NULL,NULL,'xlsx',NULL,'（张代浩）-金融服务公司机构岗位职责与任职资格设置表(根据模板填写）',NULL,'upload/files/20130704201022KhdRW1Gd.swf',NULL,NULL,NULL),('40283f824d840865014d8409019b0012',NULL,'EIM201_CN',NULL,NULL,'pdf',NULL,'EIM201_CN',NULL,'upload/files/20130704201046JVAkvvOt.swf',NULL,NULL,NULL),('40283f824d840865014d8409019c0013',NULL,'github入门使用教程',NULL,NULL,'doc',NULL,'github入门使用教程',NULL,'upload/files/20130704201116Z8NhEK57.swf',NULL,NULL,NULL),('40283f824d840865014d8409019e0014',NULL,'JEECGUI标签库帮助文档v3.2',NULL,NULL,'pdf',NULL,'JEECGUI标签库帮助文档v3.2',NULL,'upload/files/20130704201125DQg8hi2x.swf',NULL,NULL,NULL),('8a8a8b9e4dfa70ea014dfa769c090004',NULL,'郑大伟',NULL,NULL,'txt',NULL,'upload/files/201506161143063mvYPsPv.txt',NULL,'upload/files/201506161143063mvYPsPv.swf',NULL,NULL,NULL);

#
# Structure for table "t_s_document"
#

DROP TABLE IF EXISTS `t_s_document`;
CREATE TABLE `t_s_document` (
  `documentstate` smallint(6) DEFAULT NULL,
  `documenttitle` varchar(100) DEFAULT NULL,
  `pictureindex` blob,
  `showhome` smallint(6) DEFAULT NULL,
  `id` varchar(32) NOT NULL,
  `typeid` varchar(32) DEFAULT NULL,
  PRIMARY KEY (`id`),
  KEY `FK_qr3qlmgkflj35m5ci1xv0vvg3` (`typeid`),
  KEY `FK_f2mc12eu0umghp2i70apmtxjl` (`id`),
  CONSTRAINT `FK_f2mc12eu0umghp2i70apmtxjl` FOREIGN KEY (`id`) REFERENCES `t_s_attachment` (`ID`),
  CONSTRAINT `FK_qr3qlmgkflj35m5ci1xv0vvg3` FOREIGN KEY (`typeid`) REFERENCES `t_s_type` (`ID`)
) ENGINE=InnoDB DEFAULT CHARSET=utf8;

#
# Data for table "t_s_document"
#


#
# Structure for table "cgform_uploadfiles"
#

DROP TABLE IF EXISTS `cgform_uploadfiles`;
CREATE TABLE `cgform_uploadfiles` (
  `CGFORM_FIELD` varchar(100) NOT NULL,
  `CGFORM_ID` varchar(36) NOT NULL,
  `CGFORM_NAME` varchar(100) NOT NULL,
  `id` varchar(32) NOT NULL,
  PRIMARY KEY (`id`),
  KEY `FK_qwig8sn3okhvh4wye8nn8gdeg` (`id`),
  CONSTRAINT `FK_qwig8sn3okhvh4wye8nn8gdeg` FOREIGN KEY (`id`) REFERENCES `t_s_attachment` (`ID`)
) ENGINE=InnoDB DEFAULT CHARSET=utf8;

#
# Data for table "cgform_uploadfiles"
#


#
# Structure for table "t_finance_files"
#

DROP TABLE IF EXISTS `t_finance_files`;
CREATE TABLE `t_finance_files` (
  `id` varchar(32) NOT NULL,
  `financeId` varchar(32) DEFAULT NULL,
  PRIMARY KEY (`id`),
  KEY `FK_ij2p74feypwcda4n0n96pyd10` (`financeId`),
  KEY `FK_28m7vvi0cy5r5keke68b6f7rt` (`id`),
  CONSTRAINT `FK_28m7vvi0cy5r5keke68b6f7rt` FOREIGN KEY (`id`) REFERENCES `t_s_attachment` (`ID`),
  CONSTRAINT `FK_ij2p74feypwcda4n0n96pyd10` FOREIGN KEY (`financeId`) REFERENCES `t_finance` (`ID`)
) ENGINE=InnoDB DEFAULT CHARSET=utf8;

#
# Data for table "t_finance_files"
#

INSERT INTO `t_finance_files` VALUES ('8a8a8b9e4dfa70ea014dfa769c090004','ff8080814dd89d7d014dd89eab6e0001');

#
# Structure for table "t_s_user_datapermit"
#

DROP TABLE IF EXISTS `t_s_user_datapermit`;
CREATE TABLE `t_s_user_datapermit` (
  `ID` varchar(32) NOT NULL,
  `USER_ID` varchar(32) DEFAULT NULL,
  `DATAPERMIT_TYPE` varchar(1) DEFAULT NULL,
  `DATA_ORG_ID` varchar(32) DEFAULT NULL,
  `DATA_USER_ID` varchar(32) DEFAULT NULL
) ENGINE=InnoDB DEFAULT CHARSET=utf8;

#
# Data for table "t_s_user_datapermit"
#

INSERT INTO `t_s_user_datapermit` VALUES ('ff8081814edcd7e7014ede0b8e730027','8a2380e34d9ae790014d9b04bfeb002d','1','40283f824d840865014d840901ad0016','null'),('ff8081814edcd7e7014ede201ffe0029','ff8081814edcd045014edcdec7920001','','',''),('ff8081814edcd7e7014ede22e0fc002a','ff8081814edcd045014eddd62ad80026','1','8a2380e34d9ae790014d9afc13ac000c','null');

#
# Structure for table "t_s_user_org"
#

DROP TABLE IF EXISTS `t_s_user_org`;
CREATE TABLE `t_s_user_org` (
  `ID` varchar(32) NOT NULL,
  `org_id` varchar(32) DEFAULT NULL,
  `user_id` varchar(32) DEFAULT NULL,
  PRIMARY KEY (`ID`)
) ENGINE=InnoDB DEFAULT CHARSET=utf8;

#
# Data for table "t_s_user_org"
#

INSERT INTO `t_s_user_org` VALUES ('40283f824d83d46f014d83d4d08a0053','40283f824d83d46f014d83d4cfc50016','40283f824d83d46f014d83d4d0840052'),('40283f824d83d46f014d83d4d0910055','40283f824d83d46f014d83d4cfc50016','40283f824d83d46f014d83d4d08d0054'),('40283f824d83d46f014d83d4d0980057','40283f824d83d46f014d83d4cfc50016','40283f824d83d46f014d83d4d0940056'),('40283f824d83d46f014d83d4d0a00059','40283f824d83d46f014d83d4cfc50016','40283f824d83d46f014d83d4d09b0058'),('40283f824d83d5a4014d83d5bc290053','40283f824d83d5a4014d83d5bb6e0016','40283f824d83d5a4014d83d5bc220052'),('40283f824d83d5a4014d83d5bc310055','40283f824d83d5a4014d83d5bb6e0016','40283f824d83d5a4014d83d5bc2e0054'),('40283f824d83d5a4014d83d5bc390057','40283f824d83d5a4014d83d5bb6e0016','40283f824d83d5a4014d83d5bc350056'),('40283f824d83d5a4014d83d5bc410059','40283f824d83d5a4014d83d5bb6e0016','40283f824d83d5a4014d83d5bc3c0058'),('40283f824d83d5a4014d83d6516301e9','40283f824d83d5a4014d83d6512a01ac','40283f824d83d5a4014d83d6516101e8'),('40283f824d83d5a4014d83d6516701eb','40283f824d83d5a4014d83d6512a01ac','40283f824d83d5a4014d83d6516301ea'),('40283f824d83d5a4014d83d6516901ed','40283f824d83d5a4014d83d6512a01ac','40283f824d83d5a4014d83d6516801ec'),('40283f824d83d5a4014d83d6516b01ef','40283f824d83d5a4014d83d6512a01ac','40283f824d83d5a4014d83d6516a01ee');

#
# Structure for table "t_s_version"
#

DROP TABLE IF EXISTS `t_s_version`;
CREATE TABLE `t_s_version` (
  `ID` varchar(32) NOT NULL,
  `loginpage` varchar(100) DEFAULT NULL,
  `versioncode` varchar(50) DEFAULT NULL,
  `versionname` varchar(30) DEFAULT NULL,
  `versionnum` varchar(20) DEFAULT NULL,
  PRIMARY KEY (`ID`)
) ENGINE=InnoDB DEFAULT CHARSET=utf8;

#
# Data for table "t_s_version"
#


#
# Structure for table "lh_com"
#

DROP VIEW IF EXISTS `lh_com`;
CREATE VIEW `lh_com` AS 
  select `t_s_depart`.`ID` AS `COM_ID`,`t_s_depart`.`departname` AS `COM_NAME`,`t_s_depart`.`ID` AS `ID` from `t_s_depart` where (`t_s_depart`.`description` = 'com');

#
# Structure for table "lh_office"
#

DROP VIEW IF EXISTS `lh_office`;
CREATE VIEW `lh_office` AS 
  select `t_s_depart`.`parentdepartid` AS `COM_ID`,`t_s_depart`.`ID` AS `OFFICE_ID`,`t_s_depart`.`departname` AS `OFFICE_NAME`,`t_s_depart`.`ID` AS `ID` from `t_s_depart` where (`t_s_depart`.`description` = '1');
