-- PUB_APPS （修改正确的地址与端口）
	INSERT INTO PUB_APPS
	(APP_CODE, APP_NAME, TRANSPORT, SERVER_HOST, PORT, CONTEXT, URI, SEQ, NOTE, APP_URL, ICON, TARGET)
	VALUES('ica', '工商网配', 'http', '10.110.1.208', '80', 'ica', 'http://10.110.1.208:80/ica', 1, NULL, '', '', NULL);
-- PUB_MODULES
	INSERT INTO PUB_MODULES
	(MODULE_CODE, MODULE_NAME, PARENT_MODULE_CODE, IS_LEAF_MODULE, APP_CODE, MODULE_PATH, MODULE_PATH_NAME, SEQ, IS_MENU, URL, ICON, TARGET)
	VALUES('ica_dingshipeihuo', '网上配货', '-1', '1', 'ica', 'ica_dingshipeihuo', '网上配货', 99, '1', '', '', NULL);
	INSERT INTO PUB_MODULES
	(MODULE_CODE, MODULE_NAME, PARENT_MODULE_CODE, IS_LEAF_MODULE, APP_CODE, MODULE_PATH, MODULE_PATH_NAME, SEQ, IS_MENU, URL, ICON, TARGET)
	VALUES('ica_contract', '合同管理', '-1', '1', 'ica', 'ica_contract', '合同管理', 99, '1', '', '', NULL);
	INSERT INTO PUB_MODULES
	(MODULE_CODE, MODULE_NAME, PARENT_MODULE_CODE, IS_LEAF_MODULE, APP_CODE, MODULE_PATH, MODULE_PATH_NAME, SEQ, IS_MENU, URL, ICON, TARGET)
	VALUES('ica_req', '产销链接', '-1', '1', 'ica', 'ica_req', '产销链接', 3, '1', '', '', NULL);
	INSERT INTO PUB_MODULES
	(MODULE_CODE, MODULE_NAME, PARENT_MODULE_CODE, IS_LEAF_MODULE, APP_CODE, MODULE_PATH, MODULE_PATH_NAME, SEQ, IS_MENU, URL, ICON, TARGET)
	VALUES('ica_issplan', '发货管理', '-1', '1', 'ica', 'ica_issplan', '发货管理', 6, '1', '', '', NULL);
	INSERT INTO PUB_MODULES
	(MODULE_CODE, MODULE_NAME, PARENT_MODULE_CODE, IS_LEAF_MODULE, APP_CODE, MODULE_PATH, MODULE_PATH_NAME, SEQ, IS_MENU, URL, ICON, TARGET)
	VALUES('ica_trackingM', '配货跟踪', '-1', '1', 'ica', 'ica_trackingM', '配货跟踪', 6, '1', '', '', NULL);
	INSERT INTO PUB_MODULES
	(MODULE_CODE, MODULE_NAME, PARENT_MODULE_CODE, IS_LEAF_MODULE, APP_CODE, MODULE_PATH, MODULE_PATH_NAME, SEQ, IS_MENU, URL, ICON, TARGET)
	VALUES('ica_basic', '基础数据', '-1', '1', 'ica', 'ica_basic', '基础数据', 10, '1', '', '', NULL);
-- PUB_FUNCTIONS
	INSERT INTO PUB_FUNCTIONS
	(FUNCTION_CODE, FUNCTION_NAME, MODULE_CODE, SEQ, ORGAN_TYPE, IS_MENU, URL, ICON, F_TYPE, TARGET, CP_MENU_ID, DESCRIPTION, STRU_TYPE)
	VALUES('ica_contract_order', '合同挂单', 'ica_contract', 1, '26111', '1', '/dist/contract/contractorder_query_init.cmd', '', '0', NULL, 1001, NULL, '11');
	INSERT INTO PUB_FUNCTIONS
	(FUNCTION_CODE, FUNCTION_NAME, MODULE_CODE, SEQ, ORGAN_TYPE, IS_MENU, URL, ICON, F_TYPE, TARGET, CP_MENU_ID, DESCRIPTION, STRU_TYPE)
	VALUES('ica_comtest', '客户管理演示', 'ica_basic', 99, '6701', '1', '/basic/com_query_init.cmd', '', '0', NULL, 1001, NULL, '11');
	INSERT INTO PUB_FUNCTIONS
	(FUNCTION_CODE, FUNCTION_NAME, MODULE_CODE, SEQ, ORGAN_TYPE, IS_MENU, URL, ICON, F_TYPE, TARGET, CP_MENU_ID, DESCRIPTION, STRU_TYPE)
	VALUES('ica_req_monthreq', '商业月需求', 'ica_req', 1, '6701', '1', '/req/icamonthreq_query_init.cmd', '', '0', NULL, 1001, NULL, '11');
	INSERT INTO PUB_FUNCTIONS
	(FUNCTION_CODE, FUNCTION_NAME, MODULE_CODE, SEQ, ORGAN_TYPE, IS_MENU, URL, ICON, F_TYPE, TARGET, CP_MENU_ID, DESCRIPTION, STRU_TYPE)
	VALUES('ica_issplan_planconfirm', '发货确认', 'ica_issplan', 2, '26111', '1', '/dist/planconfirm_query_init.cmd', '', '0', NULL, 1001, NULL, '11');
	INSERT INTO PUB_FUNCTIONS
	(FUNCTION_CODE, FUNCTION_NAME, MODULE_CODE, SEQ, ORGAN_TYPE, IS_MENU, URL, ICON, F_TYPE, TARGET, CP_MENU_ID, DESCRIPTION, STRU_TYPE)
	VALUES('ica_req_fore', '月需求预测', 'ica_req', 99, '26111', '1', '/req/reqfore_query_init.cmd', '', '0', NULL, 1001, NULL, '11');
	INSERT INTO PUB_FUNCTIONS
	(FUNCTION_CODE, FUNCTION_NAME, MODULE_CODE, SEQ, ORGAN_TYPE, IS_MENU, URL, ICON, F_TYPE, TARGET, CP_MENU_ID, DESCRIPTION, STRU_TYPE)
	VALUES('ica_req_collect', '商业月需求汇总', 'ica_req', 4, '26111', '1', '/req/icamonthreqcollect_query_init.cmd', '', '0', NULL, 1001, NULL, '11');
	INSERT INTO PUB_FUNCTIONS
	(FUNCTION_CODE, FUNCTION_NAME, MODULE_CODE, SEQ, ORGAN_TYPE, IS_MENU, URL, ICON, F_TYPE, TARGET, CP_MENU_ID, DESCRIPTION, STRU_TYPE)
	VALUES('ica_com_item', '公司商品', 'ica_basic', 99, '', '1', NULL, '', '0', NULL, 1001, NULL, '00');
	INSERT INTO PUB_FUNCTIONS
	(FUNCTION_CODE, FUNCTION_NAME, MODULE_CODE, SEQ, ORGAN_TYPE, IS_MENU, URL, ICON, F_TYPE, TARGET, CP_MENU_ID, DESCRIPTION, STRU_TYPE)
	VALUES('ica_agreement', '协议下载', 'ica_req', 99, '102', '1', '/req/agreementdownload_page_init.cmd', '', '0', NULL, 1001, NULL, '02');
	INSERT INTO PUB_FUNCTIONS
	(FUNCTION_CODE, FUNCTION_NAME, MODULE_CODE, SEQ, ORGAN_TYPE, IS_MENU, URL, ICON, F_TYPE, TARGET, CP_MENU_ID, DESCRIPTION, STRU_TYPE)
	VALUES('ica_co_allot', '配货计划分解', 'ica_dingshipeihuo', 99, '26111', '1', '/dist/allot/coallot_query_init.cmd', '', '0', NULL, 1001, NULL, '11');
	INSERT INTO PUB_FUNCTIONS
	(FUNCTION_CODE, FUNCTION_NAME, MODULE_CODE, SEQ, ORGAN_TYPE, IS_MENU, URL, ICON, F_TYPE, TARGET, CP_MENU_ID, DESCRIPTION, STRU_TYPE)
	VALUES('ica_com_item1', '公司商品管理', 'ica_basic', 99, '102', '1', '/basic/comitem_query_init.cmd', '', '0', NULL, 1001, NULL, '11');
	INSERT INTO PUB_FUNCTIONS
	(FUNCTION_CODE, FUNCTION_NAME, MODULE_CODE, SEQ, ORGAN_TYPE, IS_MENU, URL, ICON, F_TYPE, TARGET, CP_MENU_ID, DESCRIPTION, STRU_TYPE)
	VALUES('ica_allotaudit', '配货计划审核', 'ica_dingshipeihuo', 99, '26111', '1', '/dist/allot/coaudit_query_init.cmd', '', '0', NULL, 1001, NULL, '11');
	INSERT INTO PUB_FUNCTIONS
	(FUNCTION_CODE, FUNCTION_NAME, MODULE_CODE, SEQ, ORGAN_TYPE, IS_MENU, URL, ICON, F_TYPE, TARGET, CP_MENU_ID, DESCRIPTION, STRU_TYPE)
	VALUES('ica_warningplan', '应急补货', 'ica_dingshipeihuo', 99, '6701', '1', '/dist/plan/warningplan_query_init.cmd', '', '0', NULL, 1001, NULL, '11');
	INSERT INTO PUB_FUNCTIONS
	(FUNCTION_CODE, FUNCTION_NAME, MODULE_CODE, SEQ, ORGAN_TYPE, IS_MENU, URL, ICON, F_TYPE, TARGET, CP_MENU_ID, DESCRIPTION, STRU_TYPE)
	VALUES('ica_item_grade', '商品牌号', 'ica_basic', 99, '102', '1', '/basic/itemgrade/itemgrade_query_init.cmd?method=query', '', '0', NULL, 1001, NULL, '11');
	INSERT INTO PUB_FUNCTIONS
	(FUNCTION_CODE, FUNCTION_NAME, MODULE_CODE, SEQ, ORGAN_TYPE, IS_MENU, URL, ICON, F_TYPE, TARGET, CP_MENU_ID, DESCRIPTION, STRU_TYPE)
	VALUES('ica_whse', '仓库信息', 'ica_basic', 99, '1', '1', '/basic/whse/whse_query_init.cmd', '', '0', NULL, 1001, NULL, '00');
	INSERT INTO PUB_FUNCTIONS
	(FUNCTION_CODE, FUNCTION_NAME, MODULE_CODE, SEQ, ORGAN_TYPE, IS_MENU, URL, ICON, F_TYPE, TARGET, CP_MENU_ID, DESCRIPTION, STRU_TYPE)
	VALUES('ica_perdiem', '按天配货', 'ica_dingshipeihuo', 99, '6701', '1', '/dist/perdiemplan_query_init.cmd', '', '0', NULL, 1001, NULL, '11');
	INSERT INTO PUB_FUNCTIONS
	(FUNCTION_CODE, FUNCTION_NAME, MODULE_CODE, SEQ, ORGAN_TYPE, IS_MENU, URL, ICON, F_TYPE, TARGET, CP_MENU_ID, DESCRIPTION, STRU_TYPE)
	VALUES('ica_proandmarketbalance', '产销平衡表', 'ica_req', 99, '102', '1', '/req/balance/balance_query_init.cmd', '', '0', NULL, 1001, NULL, '02');
	INSERT INTO PUB_FUNCTIONS
	(FUNCTION_CODE, FUNCTION_NAME, MODULE_CODE, SEQ, ORGAN_TYPE, IS_MENU, URL, ICON, F_TYPE, TARGET, CP_MENU_ID, DESCRIPTION, STRU_TYPE)
	VALUES('ica_issplan_planarrconfirm', '到货确认', 'ica_issplan', 3, '26111', '1', '/dist/planarriveconfirm_query_init.cmd', '', '0', NULL, 1001, NULL, '11');
	INSERT INTO PUB_FUNCTIONS
	(FUNCTION_CODE, FUNCTION_NAME, MODULE_CODE, SEQ, ORGAN_TYPE, IS_MENU, URL, ICON, F_TYPE, TARGET, CP_MENU_ID, DESCRIPTION, STRU_TYPE)
	VALUES('ica_tax', '税率', 'ica_basic', 99, '102', '1', '/basic/tax/tax_query_init.cmd', '', '0', NULL, 1001, NULL, '02');
	INSERT INTO PUB_FUNCTIONS
	(FUNCTION_CODE, FUNCTION_NAME, MODULE_CODE, SEQ, ORGAN_TYPE, IS_MENU, URL, ICON, F_TYPE, TARGET, CP_MENU_ID, DESCRIPTION, STRU_TYPE)
	VALUES('ica_dist_warning', '配货预警', 'ica_dingshipeihuo', 99, '6701', '1', '/dist/dealwarning_query_init.cmd', '', '0', NULL, 1001, NULL, '11');
	INSERT INTO PUB_FUNCTIONS
	(FUNCTION_CODE, FUNCTION_NAME, MODULE_CODE, SEQ, ORGAN_TYPE, IS_MENU, URL, ICON, F_TYPE, TARGET, CP_MENU_ID, DESCRIPTION, STRU_TYPE)
	VALUES('ica_contract_decomposition', '合同分解', 'ica_contract', 1, '26111', '1', '/dist/contract/contract_query_init.cmd', '', '0', NULL, 1001, NULL, '11');
	INSERT INTO PUB_FUNCTIONS
	(FUNCTION_CODE, FUNCTION_NAME, MODULE_CODE, SEQ, ORGAN_TYPE, IS_MENU, URL, ICON, F_TYPE, TARGET, CP_MENU_ID, DESCRIPTION, STRU_TYPE)
	VALUES('ica_trans_type', '运输类型', 'ica_basic', 99, '102', '1', '/basic/transtype/transtype_query_init.cmd', '', '0', NULL, 1001, NULL, '02');
	INSERT INTO PUB_FUNCTIONS
	(FUNCTION_CODE, FUNCTION_NAME, MODULE_CODE, SEQ, ORGAN_TYPE, IS_MENU, URL, ICON, F_TYPE, TARGET, CP_MENU_ID, DESCRIPTION, STRU_TYPE)
	VALUES('ica_distplan', '配货计划', 'ica_dingshipeihuo', 99, '6701', '1', '/dist/plan/distplan_query_init.cmd', '', '0', NULL, 1001, NULL, '11');
	INSERT INTO PUB_FUNCTIONS
	(FUNCTION_CODE, FUNCTION_NAME, MODULE_CODE, SEQ, ORGAN_TYPE, IS_MENU, URL, ICON, F_TYPE, TARGET, CP_MENU_ID, DESCRIPTION, STRU_TYPE)
	VALUES('ica_params', '配货参数设置', 'ica_basic', 99, '26111', '1', '/basic/parms/parms.cmd?method=query', '', '0', NULL, 1001, NULL, '11');
	INSERT INTO PUB_FUNCTIONS
	(FUNCTION_CODE, FUNCTION_NAME, MODULE_CODE, SEQ, ORGAN_TYPE, IS_MENU, URL, ICON, F_TYPE, TARGET, CP_MENU_ID, DESCRIPTION, STRU_TYPE)
	VALUES('ica_icom_ext', '供应商管理', 'ica_basic', 99, '102', '1', '/basic/icomext/icomext_query_init.cmd', '', '0', NULL, 1001, NULL, '11');
	INSERT INTO PUB_FUNCTIONS
	(FUNCTION_CODE, FUNCTION_NAME, MODULE_CODE, SEQ, ORGAN_TYPE, IS_MENU, URL, ICON, F_TYPE, TARGET, CP_MENU_ID, DESCRIPTION, STRU_TYPE)
	VALUES('ica_disttracking', '计划跟踪', 'ica_trackingM', 0, '6701', '1', '/tracking/disttracking_query_init.cmd', '', '0', NULL, 1001, NULL, '11');
	INSERT INTO PUB_FUNCTIONS
	(FUNCTION_CODE, FUNCTION_NAME, MODULE_CODE, SEQ, ORGAN_TYPE, IS_MENU, URL, ICON, F_TYPE, TARGET, CP_MENU_ID, DESCRIPTION, STRU_TYPE)
	VALUES('ica_req_mweekreq', '商业周需求', 'ica_req', 1, '1', '1', '/req/weekreq_query_init.cmd?method=query', '', '0', NULL, 1001, NULL, '00');
	INSERT INTO PUB_FUNCTIONS
	(FUNCTION_CODE, FUNCTION_NAME, MODULE_CODE, SEQ, ORGAN_TYPE, IS_MENU, URL, ICON, F_TYPE, TARGET, CP_MENU_ID, DESCRIPTION, STRU_TYPE)
	VALUES('ica_basic_item', '卷烟规格信息', 'ica_basic', 4, '1', '1', '/basic/item_query_init.cmd', '', '0', NULL, 1001, NULL, '00');
	INSERT INTO PUB_FUNCTIONS
	(FUNCTION_CODE, FUNCTION_NAME, MODULE_CODE, SEQ, ORGAN_TYPE, IS_MENU, URL, ICON, F_TYPE, TARGET, CP_MENU_ID, DESCRIPTION, STRU_TYPE)
	VALUES('ica_req_month_plan', '工业月生产计划', 'ica_req', 99, '26112', '1', '/req/monthpplan_query_init.cmd', '', '0', NULL, 1001, NULL, '11');
	INSERT INTO PUB_FUNCTIONS
	(FUNCTION_CODE, FUNCTION_NAME, MODULE_CODE, SEQ, ORGAN_TYPE, IS_MENU, URL, ICON, F_TYPE, TARGET, CP_MENU_ID, DESCRIPTION, STRU_TYPE)
	VALUES('ica_cotrackingQ', '订单跟踪', 'ica_trackingM', 1, '6701', '1', '/tracking/cotracking_query_init.cmd', '', '0', NULL, 1001, NULL, '11');
	INSERT INTO PUB_FUNCTIONS
	(FUNCTION_CODE, FUNCTION_NAME, MODULE_CODE, SEQ, ORGAN_TYPE, IS_MENU, URL, ICON, F_TYPE, TARGET, CP_MENU_ID, DESCRIPTION, STRU_TYPE)
	VALUES('ica_issplan_changeplan', '发货计划变更', 'ica_issplan', 1, '26111', '1', '/dist/changeplan_query_init.cmd', '', '0', NULL, 1001, NULL, '11');
	INSERT INTO PUB_FUNCTIONS
	(FUNCTION_CODE, FUNCTION_NAME, MODULE_CODE, SEQ, ORGAN_TYPE, IS_MENU, URL, ICON, F_TYPE, TARGET, CP_MENU_ID, DESCRIPTION, STRU_TYPE)
	VALUES('ica_realtimeplan', '实时配货', 'ica_dingshipeihuo', 99, '6701', '1', '/dist/realtimeplanquery.cmd', '', '0', NULL, 1001, NULL, '11');
	INSERT INTO PUB_FUNCTIONS
	(FUNCTION_CODE, FUNCTION_NAME, MODULE_CODE, SEQ, ORGAN_TYPE, IS_MENU, URL, ICON, F_TYPE, TARGET, CP_MENU_ID, DESCRIPTION, STRU_TYPE)
	VALUES('ica_com_manageF', '商业公司管理', 'ica_basic', 99, '6701', '1', '/basic/com/com_query_init.cmd', '', '0', NULL, 1001, NULL, '11');
	INSERT INTO PUB_FUNCTIONS
	(FUNCTION_CODE, FUNCTION_NAME, MODULE_CODE, SEQ, ORGAN_TYPE, IS_MENU, URL, ICON, F_TYPE, TARGET, CP_MENU_ID, DESCRIPTION, STRU_TYPE)
	VALUES('ica_week', '配货周期', 'ica_basic', 99, '26111', '1', '/basic/week/week_query_init.cmd', '', '0', NULL, 1001, NULL, '11');
	INSERT INTO PUB_FUNCTIONS
	(FUNCTION_CODE, FUNCTION_NAME, MODULE_CODE, SEQ, ORGAN_TYPE, IS_MENU, URL, ICON, F_TYPE, TARGET, CP_MENU_ID, DESCRIPTION, STRU_TYPE)
	VALUES('ica_dsph_peihuojisuan', '配货计算', 'ica_dingshipeihuo', 99, '6701', '1', '/dist/calc/distcalc.cmd?method=forCalc', '', '0', NULL, 1001, NULL, '11');

-- PUB_OPERATIONS

	INSERT INTO PUB_OPERATIONS
	(OPERATION_CODE, OPERATION_NAME, FUNCTION_CODE, OPERATION_TYPE_CODE, IS_DEFAULT, SEQ)
	VALUES('ica_reqweekreqQ', '查询', 'ica_req_mweekreq', '00', '1', 1);
	INSERT INTO PUB_OPERATIONS
	(OPERATION_CODE, OPERATION_NAME, FUNCTION_CODE, OPERATION_TYPE_CODE, IS_DEFAULT, SEQ)
	VALUES('ica_req_foreQ', '查询', 'ica_req_fore', '00', '1', 1);
	INSERT INTO PUB_OPERATIONS
	(OPERATION_CODE, OPERATION_NAME, FUNCTION_CODE, OPERATION_TYPE_CODE, IS_DEFAULT, SEQ)
	VALUES('ica_com_Q', '商业公司管理查询', 'ica_com_manageF', '00', '1', 99);
	INSERT INTO PUB_OPERATIONS
	(OPERATION_CODE, OPERATION_NAME, FUNCTION_CODE, OPERATION_TYPE_CODE, IS_DEFAULT, SEQ)
	VALUES('ica_realtimeplan_query', '查询', 'ica_realtimeplan', '00', '1', 99);
	INSERT INTO PUB_OPERATIONS
	(OPERATION_CODE, OPERATION_NAME, FUNCTION_CODE, OPERATION_TYPE_CODE, IS_DEFAULT, SEQ)
	VALUES('ica_co_allotQ', '配货计划分解', 'ica_co_allot', '00', '1', 0);
	INSERT INTO PUB_OPERATIONS
	(OPERATION_CODE, OPERATION_NAME, FUNCTION_CODE, OPERATION_TYPE_CODE, IS_DEFAULT, SEQ)
	VALUES('ica_distplanQ', '配货计划', 'ica_distplan', '00', '1', 99);
	INSERT INTO PUB_OPERATIONS
	(OPERATION_CODE, OPERATION_NAME, FUNCTION_CODE, OPERATION_TYPE_CODE, IS_DEFAULT, SEQ)
	VALUES('ica_com_item1_init', '查询', 'ica_com_item1', '00', '1', 1);
	INSERT INTO PUB_OPERATIONS
	(OPERATION_CODE, OPERATION_NAME, FUNCTION_CODE, OPERATION_TYPE_CODE, IS_DEFAULT, SEQ)
	VALUES('ica_issplan_planarrconfirmQ', '查询', 'ica_issplan_planarrconfirm', '00', '1', 1);
	INSERT INTO PUB_OPERATIONS
	(OPERATION_CODE, OPERATION_NAME, FUNCTION_CODE, OPERATION_TYPE_CODE, IS_DEFAULT, SEQ)
	VALUES('ica_allotauditQ', '查询', 'ica_allotaudit', '00', '1', 99);
	INSERT INTO PUB_OPERATIONS
	(OPERATION_CODE, OPERATION_NAME, FUNCTION_CODE, OPERATION_TYPE_CODE, IS_DEFAULT, SEQ)
	VALUES('ica_trans_typeQ', '查询', 'ica_trans_type', '00', '1', 99);
	INSERT INTO PUB_OPERATIONS
	(OPERATION_CODE, OPERATION_NAME, FUNCTION_CODE, OPERATION_TYPE_CODE, IS_DEFAULT, SEQ)
	VALUES('ica_issplan_planconfirmQ', '查询', 'ica_issplan_planconfirm', '00', '1', 1);
	INSERT INTO PUB_OPERATIONS
	(OPERATION_CODE, OPERATION_NAME, FUNCTION_CODE, OPERATION_TYPE_CODE, IS_DEFAULT, SEQ)
	VALUES(' ica_req_monthreqQ', '查询', 'ica_req_monthreq', '00', '1', 1);
	INSERT INTO PUB_OPERATIONS
	(OPERATION_CODE, OPERATION_NAME, FUNCTION_CODE, OPERATION_TYPE_CODE, IS_DEFAULT, SEQ)
	VALUES('ica_basic_itemQ', '查询', 'ica_basic_item', '00', '1', 1);
	INSERT INTO PUB_OPERATIONS
	(OPERATION_CODE, OPERATION_NAME, FUNCTION_CODE, OPERATION_TYPE_CODE, IS_DEFAULT, SEQ)
	VALUES('ica_comtestQ', '查询', 'ica_comtest', '00', '1', 0);
	INSERT INTO PUB_OPERATIONS
	(OPERATION_CODE, OPERATION_NAME, FUNCTION_CODE, OPERATION_TYPE_CODE, IS_DEFAULT, SEQ)
	VALUES('ica_req_collectQ', '查询', 'ica_req_collect', '00', '1', 1);
	INSERT INTO PUB_OPERATIONS
	(OPERATION_CODE, OPERATION_NAME, FUNCTION_CODE, OPERATION_TYPE_CODE, IS_DEFAULT, SEQ)
	VALUES('contract_query', '查询', 'ica_contract_decomposition', '00', '1', 1);
	INSERT INTO PUB_OPERATIONS
	(OPERATION_CODE, OPERATION_NAME, FUNCTION_CODE, OPERATION_TYPE_CODE, IS_DEFAULT, SEQ)
	VALUES('ica_weekQ', '查询', 'ica_week', '00', '1', 99);
	INSERT INTO PUB_OPERATIONS
	(OPERATION_CODE, OPERATION_NAME, FUNCTION_CODE, OPERATION_TYPE_CODE, IS_DEFAULT, SEQ)
	VALUES('ica_warningplanQ', '查询', 'ica_warningplan', '00', '1', 1);
	INSERT INTO PUB_OPERATIONS
	(OPERATION_CODE, OPERATION_NAME, FUNCTION_CODE, OPERATION_TYPE_CODE, IS_DEFAULT, SEQ)
	VALUES('ica_cotrackingqu', '订单跟踪', 'ica_cotrackingQ', '00', '1', 1);
	INSERT INTO PUB_OPERATIONS
	(OPERATION_CODE, OPERATION_NAME, FUNCTION_CODE, OPERATION_TYPE_CODE, IS_DEFAULT, SEQ)
	VALUES('ica_whse_query', '查询', 'ica_whse', '00', '1', 99);
	INSERT INTO PUB_OPERATIONS
	(OPERATION_CODE, OPERATION_NAME, FUNCTION_CODE, OPERATION_TYPE_CODE, IS_DEFAULT, SEQ)
	VALUES('ica_issplan_changeplanQ', '查询', 'ica_issplan_changeplan', '00', '1', 1);
	INSERT INTO PUB_OPERATIONS
	(OPERATION_CODE, OPERATION_NAME, FUNCTION_CODE, OPERATION_TYPE_CODE, IS_DEFAULT, SEQ)
	VALUES('ica_taxQ', '查询', 'ica_tax', '00', '1', 99);
	INSERT INTO PUB_OPERATIONS
	(OPERATION_CODE, OPERATION_NAME, FUNCTION_CODE, OPERATION_TYPE_CODE, IS_DEFAULT, SEQ)
	VALUES('ica_req_month_plan_query', '工业月生产计划查询', 'ica_req_month_plan', '00', '1', 99);
	INSERT INTO PUB_OPERATIONS
	(OPERATION_CODE, OPERATION_NAME, FUNCTION_CODE, OPERATION_TYPE_CODE, IS_DEFAULT, SEQ)
	VALUES('ica_perdiemQ', '按天配货查询', 'ica_perdiem', '00', '1', 0);
	INSERT INTO PUB_OPERATIONS
	(OPERATION_CODE, OPERATION_NAME, FUNCTION_CODE, OPERATION_TYPE_CODE, IS_DEFAULT, SEQ)
	VALUES('ica_dist_warningQ', '查询', 'ica_dist_warning', '00', '1', 99);
	INSERT INTO PUB_OPERATIONS
	(OPERATION_CODE, OPERATION_NAME, FUNCTION_CODE, OPERATION_TYPE_CODE, IS_DEFAULT, SEQ)
	VALUES('ica_paramsQ', '查询', 'ica_params', '00', '1', 99);
	INSERT INTO PUB_OPERATIONS
	(OPERATION_CODE, OPERATION_NAME, FUNCTION_CODE, OPERATION_TYPE_CODE, IS_DEFAULT, SEQ)
	VALUES('ica_proandmarketbalanceQ', '查询', 'ica_proandmarketbalance', '00', '1', 99);
	INSERT INTO PUB_OPERATIONS
	(OPERATION_CODE, OPERATION_NAME, FUNCTION_CODE, OPERATION_TYPE_CODE, IS_DEFAULT, SEQ)
	VALUES('ica_contract_orderQ', '查询', 'ica_contract_order', '00', '1', 1);
	INSERT INTO PUB_OPERATIONS
	(OPERATION_CODE, OPERATION_NAME, FUNCTION_CODE, OPERATION_TYPE_CODE, IS_DEFAULT, SEQ)
	VALUES('ica_agreementQ', '查询', 'ica_agreement', '00', '1', 99);
	INSERT INTO PUB_OPERATIONS
	(OPERATION_CODE, OPERATION_NAME, FUNCTION_CODE, OPERATION_TYPE_CODE, IS_DEFAULT, SEQ)
	VALUES('ica_disttrackingQ', '计划跟踪', 'ica_disttracking', '00', '1', 0);
	INSERT INTO PUB_OPERATIONS
	(OPERATION_CODE, OPERATION_NAME, FUNCTION_CODE, OPERATION_TYPE_CODE, IS_DEFAULT, SEQ)
	VALUES('ica_icom_extQ', '查询', 'ica_icom_ext', '00', '1', 99);
	INSERT INTO PUB_OPERATIONS
	(OPERATION_CODE, OPERATION_NAME, FUNCTION_CODE, OPERATION_TYPE_CODE, IS_DEFAULT, SEQ)
	VALUES('ica_item_gradeQ', '查询', 'ica_item_grade', '00', '1', 99);
	INSERT INTO PUB_OPERATIONS
	(OPERATION_CODE, OPERATION_NAME, FUNCTION_CODE, OPERATION_TYPE_CODE, IS_DEFAULT, SEQ)
	VALUES('ica_dsph_peihuojisuan_query', '计算', 'ica_dsph_peihuojisuan', '00', '1', 99);

-- PUB_URLS
	INSERT INTO PUB_URLS
	(URL_CODE, URL_NAME, URL_CONTENT, OPERATION_CODE, FUNCTION_CODE, ACCESS_TYPE, NOTE, SEQ)
	VALUES('ee815054a2f6050154ec65521e002e', '查询', '/dist/changeplan_query_init.cmd', 'ica_issplan_changeplanQ', 'ica_issplan_changeplan', 'http', NULL, 0);
	INSERT INTO PUB_URLS
	(URL_CODE, URL_NAME, URL_CONTENT, OPERATION_CODE, FUNCTION_CODE, ACCESS_TYPE, NOTE, SEQ)
	VALUES('ee815054a2f6050156ba2c402400b7', '查询', '/req/reqfore_query_init.cmd', 'ica_req_foreQ', 'ica_req_fore', 'http', NULL, 0);
	INSERT INTO PUB_URLS
	(URL_CODE, URL_NAME, URL_CONTENT, OPERATION_CODE, FUNCTION_CODE, ACCESS_TYPE, NOTE, SEQ)
	VALUES('ee815054a2f6050154c1bf4070001a', '查询', '/basic/icomext/icomext_query_init.cmd', 'ica_icom_extQ', 'ica_icom_ext', 'http', NULL, 0);
	INSERT INTO PUB_URLS
	(URL_CODE, URL_NAME, URL_CONTENT, OPERATION_CODE, FUNCTION_CODE, ACCESS_TYPE, NOTE, SEQ)
	VALUES('ee815054a2f605015590a78f0b0066', '按天配货查询', '/dist/perdiemplan_query_init.cmd', 'ica_perdiemQ', 'ica_perdiem', 'http', NULL, 0);
	INSERT INTO PUB_URLS
	(URL_CODE, URL_NAME, URL_CONTENT, OPERATION_CODE, FUNCTION_CODE, ACCESS_TYPE, NOTE, SEQ)
	VALUES('ee815054a2f6050156d5119f7e00be', '配货计划分解', '/dist/allot/coallot_query_init.cmd', 'ica_co_allotQ', 'ica_co_allot', 'http', NULL, 0);
	INSERT INTO PUB_URLS
	(URL_CODE, URL_NAME, URL_CONTENT, OPERATION_CODE, FUNCTION_CODE, ACCESS_TYPE, NOTE, SEQ)
	VALUES('ee815054a2f6050154efd5ea4a0032', '查询', '/dist/plan/warningplan_query_init.cmd', 'ica_warningplanQ', 'ica_warningplan', 'http', NULL, 0);
	INSERT INTO PUB_URLS
	(URL_CODE, URL_NAME, URL_CONTENT, OPERATION_CODE, FUNCTION_CODE, ACCESS_TYPE, NOTE, SEQ)
	VALUES('ee815054a2f6050154bd5b987f000f', '查询', '/basic/transtype/transtype_query_init.cmd', 'ica_trans_typeQ', 'ica_trans_type', 'http', NULL, 0);
	INSERT INTO PUB_URLS
	(URL_CODE, URL_NAME, URL_CONTENT, OPERATION_CODE, FUNCTION_CODE, ACCESS_TYPE, NOTE, SEQ)
	VALUES('ee815054a2f60501552a6dad09005a', '订单跟踪', '/tracking/cotracking_query_init.cmd', 'ica_cotrackingqu', 'ica_cotrackingQ', 'http', NULL, 0);
	INSERT INTO PUB_URLS
	(URL_CODE, URL_NAME, URL_CONTENT, OPERATION_CODE, FUNCTION_CODE, ACCESS_TYPE, NOTE, SEQ)
	VALUES('ee815054a2f6050156d50f4ee600bd', '查询', '/dist/allot/coaudit_query_init.cmd', 'ica_allotauditQ', 'ica_allotaudit', 'http', NULL, 0);
	INSERT INTO PUB_URLS
	(URL_CODE, URL_NAME, URL_CONTENT, OPERATION_CODE, FUNCTION_CODE, ACCESS_TYPE, NOTE, SEQ)
	VALUES('ee815054a2f6050154c1eff994001c', '查询', '/basic/whse/whse_query_init.cmd', 'ica_whse_query', 'ica_whse', 'http', NULL, 0);
	INSERT INTO PUB_URLS
	(URL_CODE, URL_NAME, URL_CONTENT, OPERATION_CODE, FUNCTION_CODE, ACCESS_TYPE, NOTE, SEQ)
	VALUES('ee815054a2f60501552a6d92e50059', '计划跟踪', '/tracking/disttracking_query_init.cmd', 'ica_disttrackingQ', 'ica_disttracking', 'http', NULL, 0);
	INSERT INTO PUB_URLS
	(URL_CODE, URL_NAME, URL_CONTENT, OPERATION_CODE, FUNCTION_CODE, ACCESS_TYPE, NOTE, SEQ)
	VALUES('ee815054a2f6050154bce54d4e000d', '商业公司管理查询', '/basic/com/com_query_init.cmd', 'ica_com_Q', 'ica_com_manageF', 'http', NULL, 0);
	INSERT INTO PUB_URLS
	(URL_CODE, URL_NAME, URL_CONTENT, OPERATION_CODE, FUNCTION_CODE, ACCESS_TYPE, NOTE, SEQ)
	VALUES('ee815054a2f6050154b72363340005', '查询', '/basic/parms/parms.cmd?method=query', 'ica_paramsQ', 'ica_params', 'http', NULL, 0);
	INSERT INTO PUB_URLS
	(URL_CODE, URL_NAME, URL_CONTENT, OPERATION_CODE, FUNCTION_CODE, ACCESS_TYPE, NOTE, SEQ)
	VALUES('ee815054a2f60501569cac594900b2', '查询', '/basic/com_query_init.cmd', 'ica_comtestQ', 'ica_comtest', 'http', NULL, 0);
	INSERT INTO PUB_URLS
	(URL_CODE, URL_NAME, URL_CONTENT, OPERATION_CODE, FUNCTION_CODE, ACCESS_TYPE, NOTE, SEQ)
	VALUES('ee815054a2f6050154e25b3e9a002d', '查询', '/dist/dealwarning_query_init.cmd', 'ica_dist_warningQ', 'ica_dist_warning', 'http', NULL, 0);
	INSERT INTO PUB_URLS
	(URL_CODE, URL_NAME, URL_CONTENT, OPERATION_CODE, FUNCTION_CODE, ACCESS_TYPE, NOTE, SEQ)
	VALUES('ee815054a2f6050155a08807f9008f', '查询', '/dist/realtimeplanquery.cmd', 'ica_realtimeplan_query', 'ica_realtimeplan', 'http', NULL, 0);
	INSERT INTO PUB_URLS
	(URL_CODE, URL_NAME, URL_CONTENT, OPERATION_CODE, FUNCTION_CODE, ACCESS_TYPE, NOTE, SEQ)
	VALUES('ee815054a2f6050154bcd0ac8f000b', '查询', '/req/icamonthreq_query_init.cmd', ' ica_req_monthreqQ', 'ica_req_monthreq', 'http', NULL, 0);
	INSERT INTO PUB_URLS
	(URL_CODE, URL_NAME, URL_CONTENT, OPERATION_CODE, FUNCTION_CODE, ACCESS_TYPE, NOTE, SEQ)
	VALUES('ee815054a2f6050154ff6a16e10037', '查询', '/dist/planconfirm_query_init.cmd', 'ica_issplan_planconfirmQ', 'ica_issplan_planconfirm', 'http', NULL, 0);
	INSERT INTO PUB_URLS
	(URL_CODE, URL_NAME, URL_CONTENT, OPERATION_CODE, FUNCTION_CODE, ACCESS_TYPE, NOTE, SEQ)
	VALUES('ee815054a2f6050155c43b2aec0098', '查询', '/req/monthpplan_query_init.cmd', 'ica_req_month_plan_query', 'ica_req_month_plan', 'http', NULL, 0);
	INSERT INTO PUB_URLS
	(URL_CODE, URL_NAME, URL_CONTENT, OPERATION_CODE, FUNCTION_CODE, ACCESS_TYPE, NOTE, SEQ)
	VALUES('ee815054a2f6050154dcb8c3540025', '查询', '/req/icamonthreqcollect_query_init.cmd', 'ica_req_collectQ', 'ica_req_collect', 'http', NULL, 0);
	INSERT INTO PUB_URLS
	(URL_CODE, URL_NAME, URL_CONTENT, OPERATION_CODE, FUNCTION_CODE, ACCESS_TYPE, NOTE, SEQ)
	VALUES('ee815054a2f6050154f61d22150036', '查询', '/req/balance/balance_query_init.cmd', 'ica_proandmarketbalanceQ', 'ica_proandmarketbalance', 'http', NULL, 0);
	INSERT INTO PUB_URLS
	(URL_CODE, URL_NAME, URL_CONTENT, OPERATION_CODE, FUNCTION_CODE, ACCESS_TYPE, NOTE, SEQ)
	VALUES('ee815054a2f6050154b8ec7f5d000a', '查询', '/basic/itemgrade/itemgrade_query_init.cmd?method=query', 'ica_item_gradeQ', 'ica_item_grade', 'http', NULL, 0);
	INSERT INTO PUB_URLS
	(URL_CODE, URL_NAME, URL_CONTENT, OPERATION_CODE, FUNCTION_CODE, ACCESS_TYPE, NOTE, SEQ)
	VALUES('ee815054a2f6050154e1c06978002a', '查询', '/req/weekreq_query_init.cmd?method=query', 'ica_reqweekreqQ', 'ica_req_mweekreq', 'http', NULL, 0);
	INSERT INTO PUB_URLS
	(URL_CODE, URL_NAME, URL_CONTENT, OPERATION_CODE, FUNCTION_CODE, ACCESS_TYPE, NOTE, SEQ)
	VALUES('ee815054a2f6050155c7fef56c0099', 'basic查询', '/basic/tax/tax_query_init.cmd', 'ica_taxQ', 'ica_tax', 'http', NULL, 0);
	INSERT INTO PUB_URLS
	(URL_CODE, URL_NAME, URL_CONTENT, OPERATION_CODE, FUNCTION_CODE, ACCESS_TYPE, NOTE, SEQ)
	VALUES('ee815054a2f6050154f06793430034', '查询', '/req/agreementdownload_page_init.cmd', 'ica_agreementQ', 'ica_agreement', 'http', NULL, 0);
	INSERT INTO PUB_URLS
	(URL_CODE, URL_NAME, URL_CONTENT, OPERATION_CODE, FUNCTION_CODE, ACCESS_TYPE, NOTE, SEQ)
	VALUES('ee815054a2f6050154b859772d0009', '查询', '/basic/week/week_query_init.cmd', 'ica_weekQ', 'ica_week', 'http', NULL, 0);
	INSERT INTO PUB_URLS
	(URL_CODE, URL_NAME, URL_CONTENT, OPERATION_CODE, FUNCTION_CODE, ACCESS_TYPE, NOTE, SEQ)
	VALUES('ee815054a2f6050154e1e1fc63002b', '配货计划', '/dist/plan/distplan_query_init.cmd', 'ica_distplanQ', 'ica_distplan', 'http', NULL, 0);
	INSERT INTO PUB_URLS
	(URL_CODE, URL_NAME, URL_CONTENT, OPERATION_CODE, FUNCTION_CODE, ACCESS_TYPE, NOTE, SEQ)
	VALUES('ee815054a2f6050155ec3b50a1009a', '查询', '/dist/contract/contractorder_query_init.cmd', 'ica_contract_orderQ', 'ica_contract_order', 'http', NULL, 0);
	INSERT INTO PUB_URLS
	(URL_CODE, URL_NAME, URL_CONTENT, OPERATION_CODE, FUNCTION_CODE, ACCESS_TYPE, NOTE, SEQ)
	VALUES('ee815054a2f605015505904d650039', '查询', '/dist/planarriveconfirm_query_init.cmd', 'ica_issplan_planarrconfirmQ', 'ica_issplan_planarrconfirm', 'http', NULL, 0);
	INSERT INTO PUB_URLS
	(URL_CODE, URL_NAME, URL_CONTENT, OPERATION_CODE, FUNCTION_CODE, ACCESS_TYPE, NOTE, SEQ)
	VALUES('ee815054a2f6050155a09510980093', '查询', '/dist/contract/contract_query_init.cmd', 'contract_query', 'ica_contract_decomposition', 'http', NULL, 0);
	INSERT INTO PUB_URLS
	(URL_CODE, URL_NAME, URL_CONTENT, OPERATION_CODE, FUNCTION_CODE, ACCESS_TYPE, NOTE, SEQ)
	VALUES('ee815054a2f6050154d0ede1110024', '配货计算', '/dist/calc/distcalc.cmd?method=forCalc', 'ica_dsph_peihuojisuan_query', 'ica_dsph_peihuojisuan', 'http', NULL, 0);
	INSERT INTO PUB_URLS
	(URL_CODE, URL_NAME, URL_CONTENT, OPERATION_CODE, FUNCTION_CODE, ACCESS_TYPE, NOTE, SEQ)
	VALUES('ee815054a2f6050154bcd91321000c', '查询', '/basic/comitem_query_init.cmd', 'ica_com_item1_init', 'ica_com_item1', 'http', NULL, 0);
	INSERT INTO PUB_URLS
	(URL_CODE, URL_NAME, URL_CONTENT, OPERATION_CODE, FUNCTION_CODE, ACCESS_TYPE, NOTE, SEQ)
	VALUES('ee815054a2f6050154ad41f1140004', '查询', '/basic/item_query_init.cmd', 'ica_basic_itemQ', 'ica_basic_item', 'http', NULL, 0);

-- BASE_DICT
	INSERT INTO BASE_DICT
	(DICT_ID, DICT_KEY, DICT_VALUE, DICT_DESC)
	VALUES('ICA_DIST_CALC_FLAG', '01', '计算成功', '计算标志');
	INSERT INTO BASE_DICT
	(DICT_ID, DICT_KEY, DICT_VALUE, DICT_DESC)
	VALUES('ICA_COM_STATUS', '02', '暂停', '商业公司状态');
	INSERT INTO BASE_DICT
	(DICT_ID, DICT_KEY, DICT_VALUE, DICT_DESC)
	VALUES('ICA_SUPPLY_WAY', '30', '按需投放', '10');
	INSERT INTO BASE_DICT
	(DICT_ID, DICT_KEY, DICT_VALUE, DICT_DESC)
	VALUES('ICA_SPEC', '84硬盒', '84硬盒', '工商网配规格');
	INSERT INTO BASE_DICT
	(DICT_ID, DICT_KEY, DICT_VALUE, DICT_DESC)
	VALUES('ICA_COM_STATUS', '03', '无业务往来', '商业公司状态');
	INSERT INTO BASE_DICT
	(DICT_ID, DICT_KEY, DICT_VALUE, DICT_DESC)
	VALUES('ICA_DIST_WARNING_LEVEL', '2', '二级预警', '工商协同-应急补货预警-预警等级 ');
	INSERT INTO BASE_DICT
	(DICT_ID, DICT_KEY, DICT_VALUE, DICT_DESC)
	VALUES('ICA_MONTH_PLAN_STATUS', '02', '已确认', '工业月生产计划状态 01待确认，02已确认 ');
	INSERT INTO BASE_DICT
	(DICT_ID, DICT_KEY, DICT_VALUE, DICT_DESC)
	VALUES('ICA_ISS_PLAN_STATUS', '01', '未发货', '工商网配发货计划状态');
	INSERT INTO BASE_DICT
	(DICT_ID, DICT_KEY, DICT_VALUE, DICT_DESC)
	VALUES('ICA_SPEC', '85硬盒', '85硬盒', '工商网配规格');
	INSERT INTO BASE_DICT
	(DICT_ID, DICT_KEY, DICT_VALUE, DICT_DESC)
	VALUES('ICA_DIST_PLAN_STATUS', '09', '全部审核有未通过', '计划状态');
	INSERT INTO BASE_DICT
	(DICT_ID, DICT_KEY, DICT_VALUE, DICT_DESC)
	VALUES('ICA_KIND', '3', '三类', '工商网配价类枚举');
	INSERT INTO BASE_DICT
	(DICT_ID, DICT_KEY, DICT_VALUE, DICT_DESC)
	VALUES('ICA_CONTRACT_STATUS', '09', '已到货', '合同状态');
	INSERT INTO BASE_DICT
	(DICT_ID, DICT_KEY, DICT_VALUE, DICT_DESC)
	VALUES('ICA_COM_TRANS_TYPE', '13', '汽运小型', '运输方式');
	INSERT INTO BASE_DICT
	(DICT_ID, DICT_KEY, DICT_VALUE, DICT_DESC)
	VALUES('ICA_COM_TRANS_TYPE', '11', '汽运长途', '运输方式');
	INSERT INTO BASE_DICT
	(DICT_ID, DICT_KEY, DICT_VALUE, DICT_DESC)
	VALUES('ICA_OPINION_TYPE', '01', '投放不均衡', '意见类型');
	INSERT INTO BASE_DICT
	(DICT_ID, DICT_KEY, DICT_VALUE, DICT_DESC)
	VALUES('ICA_DIST_WARNING_LEVEL', '3', '存销比正常', '工商协同-应急补货预警-预警等级 ');
	INSERT INTO BASE_DICT
	(DICT_ID, DICT_KEY, DICT_VALUE, DICT_DESC)
	VALUES('ICA_SUPPLY_WAY', '23', '按档位投放（北京）', NULL);
	INSERT INTO BASE_DICT
	(DICT_ID, DICT_KEY, DICT_VALUE, DICT_DESC)
	VALUES('ICA_SPEC', '94硬盒', '94硬盒', '工商网配规格');
	INSERT INTO BASE_DICT
	(DICT_ID, DICT_KEY, DICT_VALUE, DICT_DESC)
	VALUES('ICA_KIND', '2', '二类', '工商网配价类枚举');
	INSERT INTO BASE_DICT
	(DICT_ID, DICT_KEY, DICT_VALUE, DICT_DESC)
	VALUES('ICA_DIST_PLAN_STATUS', '08', '部分审核全通过', '计划状态');
	INSERT INTO BASE_DICT
	(DICT_ID, DICT_KEY, DICT_VALUE, DICT_DESC)
	VALUES('ICA_CONTRACT_STATUS', '10', '删除', '合同状态');
	INSERT INTO BASE_DICT
	(DICT_ID, DICT_KEY, DICT_VALUE, DICT_DESC)
	VALUES('ICA_CONTRACT_STATUS', '11', '已废除', '合同状态');
	INSERT INTO BASE_DICT
	(DICT_ID, DICT_KEY, DICT_VALUE, DICT_DESC)
	VALUES('ICA_BRAND_ID_NAME', '02', '泰山', '工商网配品牌系列枚举');
	INSERT INTO BASE_DICT
	(DICT_ID, DICT_KEY, DICT_VALUE, DICT_DESC)
	VALUES('ICA_COM_STATUS', '01', '业务往来', '商业公司状态');
	INSERT INTO BASE_DICT
	(DICT_ID, DICT_KEY, DICT_VALUE, DICT_DESC)
	VALUES('ICA_SPEC', '84细枝', '84细枝', '工商网配规格');
	INSERT INTO BASE_DICT
	(DICT_ID, DICT_KEY, DICT_VALUE, DICT_DESC)
	VALUES('ICA_MONTH_PLAN_STATUS', '01', '待确认', '工业月生产计划状态 01待确认，02已确认');
	INSERT INTO BASE_DICT
	(DICT_ID, DICT_KEY, DICT_VALUE, DICT_DESC)
	VALUES('ICA_DIST_WARNING_STATUS', '1', '已处理', '应急补货预警-状态');
	INSERT INTO BASE_DICT
	(DICT_ID, DICT_KEY, DICT_VALUE, DICT_DESC)
	VALUES('ICA_DIST_PERIOD', '11', '一周一次', '工商网配-配货周期 ');
	INSERT INTO BASE_DICT
	(DICT_ID, DICT_KEY, DICT_VALUE, DICT_DESC)
	VALUES('ICA_REQ_WEEK_STATUS', '1', '已确认', '商业周需求状态');
	INSERT INTO BASE_DICT
	(DICT_ID, DICT_KEY, DICT_VALUE, DICT_DESC)
	VALUES('ICA_KIND', '4', '四类', '工商网配价类枚举');
	INSERT INTO BASE_DICT
	(DICT_ID, DICT_KEY, DICT_VALUE, DICT_DESC)
	VALUES('ICA_DIST_PLAN_STATUS', '05', '商业已确认', '计划状态');
	INSERT INTO BASE_DICT
	(DICT_ID, DICT_KEY, DICT_VALUE, DICT_DESC)
	VALUES('ICA_CONTRACT_STATUS', '08', '已发货', '合同状态');
	INSERT INTO BASE_DICT
	(DICT_ID, DICT_KEY, DICT_VALUE, DICT_DESC)
	VALUES('ICA_DIST_CALC_FLAG', '02', '计算失败', '计算标志');
	INSERT INTO BASE_DICT
	(DICT_ID, DICT_KEY, DICT_VALUE, DICT_DESC)
	VALUES('ICA_REQ_WEEK_STATUS', '0', '新增', '商业周需求状态');
	INSERT INTO BASE_DICT
	(DICT_ID, DICT_KEY, DICT_VALUE, DICT_DESC)
	VALUES('ICA_CO_ALLOT_STATUS', '02', '部分分解', '调拨单状态');
	INSERT INTO BASE_DICT
	(DICT_ID, DICT_KEY, DICT_VALUE, DICT_DESC)
	VALUES('ICA_PUB_ISORNOT', '1', '是', '是否');
	INSERT INTO BASE_DICT
	(DICT_ID, DICT_KEY, DICT_VALUE, DICT_DESC)
	VALUES('ICA_SUPPLY_WAY', '31', '按需投放（北京）', NULL);
	INSERT INTO BASE_DICT
	(DICT_ID, DICT_KEY, DICT_VALUE, DICT_DESC)
	VALUES('ICA_DIST_PLAN_STATUS', '04', '商业已驳回', '计划状态');
	INSERT INTO BASE_DICT
	(DICT_ID, DICT_KEY, DICT_VALUE, DICT_DESC)
	VALUES('ICA_COM_REC_TYPE', '4', '汇票或托收', '结算方式');
	INSERT INTO BASE_DICT
	(DICT_ID, DICT_KEY, DICT_VALUE, DICT_DESC)
	VALUES('ICA_SUPPLY_WAY', '20', '按档位结合价位段投放', '13');
	INSERT INTO BASE_DICT
	(DICT_ID, DICT_KEY, DICT_VALUE, DICT_DESC)
	VALUES('ICA_DIST_FAIL_CODE', '00', '无', '错误代码');
	INSERT INTO BASE_DICT
	(DICT_ID, DICT_KEY, DICT_VALUE, DICT_DESC)
	VALUES('ICA_CO_ALLOT_STATUS', '01', '未分解', '调拨单状态');
	INSERT INTO BASE_DICT
	(DICT_ID, DICT_KEY, DICT_VALUE, DICT_DESC)
	VALUES('ICA_COM_TRANS_TYPE', '21', '铁路整车', '运输方式');
	INSERT INTO BASE_DICT
	(DICT_ID, DICT_KEY, DICT_VALUE, DICT_DESC)
	VALUES('ICA_COM_REC_TYPE', '5', '托收承付，验单付款', '结算方式');
	INSERT INTO BASE_DICT
	(DICT_ID, DICT_KEY, DICT_VALUE, DICT_DESC)
	VALUES('ICA_KIND', '6', '无价类', '工商网配价类枚举');
	INSERT INTO BASE_DICT
	(DICT_ID, DICT_KEY, DICT_VALUE, DICT_DESC)
	VALUES('ICA_CONTRACT_STATUS', '07', '已下单', '合同状态');
	INSERT INTO BASE_DICT
	(DICT_ID, DICT_KEY, DICT_VALUE, DICT_DESC)
	VALUES('ICA_KIND', '5', '五类', '工商网配价类枚举');
	INSERT INTO BASE_DICT
	(DICT_ID, DICT_KEY, DICT_VALUE, DICT_DESC)
	VALUES('ICA_SPEC', '塑盒', '塑盒', '工商网配规格');
	INSERT INTO BASE_DICT
	(DICT_ID, DICT_KEY, DICT_VALUE, DICT_DESC)
	VALUES('ICA_PRODUCT_TYPE', '30', '外香型', '工商网配烟型');
	INSERT INTO BASE_DICT
	(DICT_ID, DICT_KEY, DICT_VALUE, DICT_DESC)
	VALUES('ICA_PACK_KIND', '1', '条包软盒', '工商网配包装形式');
	INSERT INTO BASE_DICT
	(DICT_ID, DICT_KEY, DICT_VALUE, DICT_DESC)
	VALUES('ICA_DIST_WARNING_LEVEL', '1', '一级预警', '工商协同-应急补货预警-预警等级 ');
	INSERT INTO BASE_DICT
	(DICT_ID, DICT_KEY, DICT_VALUE, DICT_DESC)
	VALUES('ICA_SUPPLY_WAY', '22', '按价位段投放', '11');
	INSERT INTO BASE_DICT
	(DICT_ID, DICT_KEY, DICT_VALUE, DICT_DESC)
	VALUES('ICA_COM_OWN_TYPE', '2', '长期租用', '使用类型(运输类型表)');
	INSERT INTO BASE_DICT
	(DICT_ID, DICT_KEY, DICT_VALUE, DICT_DESC)
	VALUES('ICA_DIST_PLAN_STATUS', '10', '全部通过', '计划状态');
	INSERT INTO BASE_DICT
	(DICT_ID, DICT_KEY, DICT_VALUE, DICT_DESC)
	VALUES('ICA_SPEC', '16硬盒', '16硬盒', '工商网配规格');
	INSERT INTO BASE_DICT
	(DICT_ID, DICT_KEY, DICT_VALUE, DICT_DESC)
	VALUES('ICA_COM_TRANS_TYPE', '14', '汽运小型配车', '运输方式');
	INSERT INTO BASE_DICT
	(DICT_ID, DICT_KEY, DICT_VALUE, DICT_DESC)
	VALUES('ICA_COM_COM_TYPE', '03', '一般商业公司', '商业公司等级');
	INSERT INTO BASE_DICT
	(DICT_ID, DICT_KEY, DICT_VALUE, DICT_DESC)
	VALUES('ICA_CONTRACT_STATUS', '04', '已驳回', '合同状态');
	INSERT INTO BASE_DICT
	(DICT_ID, DICT_KEY, DICT_VALUE, DICT_DESC)
	VALUES('ICA_SPEC', '97硬盒', '97硬盒', '工商网配规格');
	INSERT INTO BASE_DICT
	(DICT_ID, DICT_KEY, DICT_VALUE, DICT_DESC)
	VALUES('ICA_SPEC', '120硬盒', '120硬盒', '工商网配规格');
	INSERT INTO BASE_DICT
	(DICT_ID, DICT_KEY, DICT_VALUE, DICT_DESC)
	VALUES('ICA_DIST_WARNING_TYPE', '15', '仅低档烟一级预警', '应急补货预警-预警类别');
	INSERT INTO BASE_DICT
	(DICT_ID, DICT_KEY, DICT_VALUE, DICT_DESC)
	VALUES('ICA_CONTRACT_STATUS', '03', '已确认', '合同状态');
	INSERT INTO BASE_DICT
	(DICT_ID, DICT_KEY, DICT_VALUE, DICT_DESC)
	VALUES('ICA_DIST_FAIL_CODE', '01', '系统计算失败', '错误代码');
	INSERT INTO BASE_DICT
	(DICT_ID, DICT_KEY, DICT_VALUE, DICT_DESC)
	VALUES('ICA_COM_TRANS_TYPE', '12', '汽运配车', '运输方式');
	INSERT INTO BASE_DICT
	(DICT_ID, DICT_KEY, DICT_VALUE, DICT_DESC)
	VALUES('ICA_COM_COM_TYPE', '02', '重要商业公司', '商业公司等级');
	INSERT INTO BASE_DICT
	(DICT_ID, DICT_KEY, DICT_VALUE, DICT_DESC)
	VALUES('ICA_PACK_KIND', '7', '铁桶', '工商网配包装形式');
	INSERT INTO BASE_DICT
	(DICT_ID, DICT_KEY, DICT_VALUE, DICT_DESC)
	VALUES('ICA_KIND', '1', '一类', '工商网配价类枚举');
	INSERT INTO BASE_DICT
	(DICT_ID, DICT_KEY, DICT_VALUE, DICT_DESC)
	VALUES('ICA_DIST_WARNING_DEAL_RESULT', '1', '启动应急补货 ', '应急补货预警-处理结果');
	INSERT INTO BASE_DICT
	(DICT_ID, DICT_KEY, DICT_VALUE, DICT_DESC)
	VALUES('ICA_OPINION_TYPE', '02', '满足率过低', '意见类型');
	INSERT INTO BASE_DICT
	(DICT_ID, DICT_KEY, DICT_VALUE, DICT_DESC)
	VALUES('ICA_COM_REC_TYPE', '1', '托收', '结算方式');
	INSERT INTO BASE_DICT
	(DICT_ID, DICT_KEY, DICT_VALUE, DICT_DESC)
	VALUES('ICA_ISS_PLAN_STATUS', '03', '已到货', '工商网配发货计划状态');
	INSERT INTO BASE_DICT
	(DICT_ID, DICT_KEY, DICT_VALUE, DICT_DESC)
	VALUES('ICA_DIST_PLAN_TYPE', '01', '定时配货', '配货类型');
	INSERT INTO BASE_DICT
	(DICT_ID, DICT_KEY, DICT_VALUE, DICT_DESC)
	VALUES('ICA_CO_ALLOT_STATUS', '03', '完全分解', '调拨单状态');
	INSERT INTO BASE_DICT
	(DICT_ID, DICT_KEY, DICT_VALUE, DICT_DESC)
	VALUES('ICA_COM_TRANS_TYPE', '15', '汽运短途', '运输方式');
	INSERT INTO BASE_DICT
	(DICT_ID, DICT_KEY, DICT_VALUE, DICT_DESC)
	VALUES('ICA_ISS_PLAN_STATUS', '02', '已发货', '工商网配发货计划状态');
	INSERT INTO BASE_DICT
	(DICT_ID, DICT_KEY, DICT_VALUE, DICT_DESC)
	VALUES('ICA_CONTRACT_STATUS', '05', '预开票', '合同状态');
	INSERT INTO BASE_DICT
	(DICT_ID, DICT_KEY, DICT_VALUE, DICT_DESC)
	VALUES('ICA_COM_REC_TYPE', '3', '款到货到', '结算方式');
	INSERT INTO BASE_DICT
	(DICT_ID, DICT_KEY, DICT_VALUE, DICT_DESC)
	VALUES('ICA_SPEC', '84全硬', '84全硬', '工商网配规格');
	INSERT INTO BASE_DICT
	(DICT_ID, DICT_KEY, DICT_VALUE, DICT_DESC)
	VALUES('ICA_PACK_KIND', '2', '条包硬盒', '工商网配包装形式');
	INSERT INTO BASE_DICT
	(DICT_ID, DICT_KEY, DICT_VALUE, DICT_DESC)
	VALUES('ICA_DIST_FAIL_CODE', '03', '已经存在确认的配货量数据', '错误代码');
	INSERT INTO BASE_DICT
	(DICT_ID, DICT_KEY, DICT_VALUE, DICT_DESC)
	VALUES('ICA_SUPPLY_WAY', '21', '按档位投放', '12');
	INSERT INTO BASE_DICT
	(DICT_ID, DICT_KEY, DICT_VALUE, DICT_DESC)
	VALUES('ICA_DOWNLOAD_STATUS', '01', '失败', '同步状态');
	INSERT INTO BASE_DICT
	(DICT_ID, DICT_KEY, DICT_VALUE, DICT_DESC)
	VALUES('ICA_DIST_PLAN_EXEC_TYPE', '2', '提前执行合同', '配货计划-补货方式');
	INSERT INTO BASE_DICT
	(DICT_ID, DICT_KEY, DICT_VALUE, DICT_DESC)
	VALUES('ICA_COMITEM_TACTIC_TYPE', '32', '均衡满足', '策略类型');
	INSERT INTO BASE_DICT
	(DICT_ID, DICT_KEY, DICT_VALUE, DICT_DESC)
	VALUES('ICA_PACK_KIND', '3', '条盒软盒', '工商网配包装形式');
	INSERT INTO BASE_DICT
	(DICT_ID, DICT_KEY, DICT_VALUE, DICT_DESC)
	VALUES('ICA_DIST_PERIOD', '41', '四周一次', '工商网配-配货周期 ');
	INSERT INTO BASE_DICT
	(DICT_ID, DICT_KEY, DICT_VALUE, DICT_DESC)
	VALUES('ICA_SUPPLY_WAY', '10', '选点投放', '14');
	INSERT INTO BASE_DICT
	(DICT_ID, DICT_KEY, DICT_VALUE, DICT_DESC)
	VALUES('ICA_CONTRACT_REC_TYPE', '1', '托收承付', '结算方式');
	INSERT INTO BASE_DICT
	(DICT_ID, DICT_KEY, DICT_VALUE, DICT_DESC)
	VALUES('ICA_COM_REC_TYPE', '2', '汇票', '结算方式');
	INSERT INTO BASE_DICT
	(DICT_ID, DICT_KEY, DICT_VALUE, DICT_DESC)
	VALUES('ICA_SPEC', '84全软', '84全软', '工商网配规格');
	INSERT INTO BASE_DICT
	(DICT_ID, DICT_KEY, DICT_VALUE, DICT_DESC)
	VALUES('ICA_CONTRACT_STATUS', '06', '已开票', '合同状态');
	INSERT INTO BASE_DICT
	(DICT_ID, DICT_KEY, DICT_VALUE, DICT_DESC)
	VALUES('ICA_COM_COM_TYPE', '01', 'VIP商业公司', '商业公司等级');
	INSERT INTO BASE_DICT
	(DICT_ID, DICT_KEY, DICT_VALUE, DICT_DESC)
	VALUES('ICA_COM_ITEM_MARKET_STATE', '5', '紧', 'ICA_COM_SALE_LINE市场状态');
	INSERT INTO BASE_DICT
	(DICT_ID, DICT_KEY, DICT_VALUE, DICT_DESC)
	VALUES('ICA_DOWNLOAD_STATUS', '00', '未同步', '同步状态');
	INSERT INTO BASE_DICT
	(DICT_ID, DICT_KEY, DICT_VALUE, DICT_DESC)
	VALUES('ICA_DIST_PLAN_STATUS', '02', '已制定', '计划状态');
	INSERT INTO BASE_DICT
	(DICT_ID, DICT_KEY, DICT_VALUE, DICT_DESC)
	VALUES('ICA_REQ_FORE_STATUS', '2', '已制定', '需求预测状态');
	INSERT INTO BASE_DICT
	(DICT_ID, DICT_KEY, DICT_VALUE, DICT_DESC)
	VALUES('ICA_COMITEM_TACTIC_TYPE', '20', '紧俏货源', '策略类型');
	INSERT INTO BASE_DICT
	(DICT_ID, DICT_KEY, DICT_VALUE, DICT_DESC)
	VALUES('ICA_COM_ITEM_REGULATE_TYPE', 'JD', '减调', 'ICA_COM_SALE_LINE 调控类型');
	INSERT INTO BASE_DICT
	(DICT_ID, DICT_KEY, DICT_VALUE, DICT_DESC)
	VALUES('ICA_CONTRACT_REC_TYPE', '3', '款到发货', '结算方式');
	INSERT INTO BASE_DICT
	(DICT_ID, DICT_KEY, DICT_VALUE, DICT_DESC)
	VALUES('ICA_ISS_PLAN_STATUS', '00', '未下单', '工商网配发货计划状态');
	INSERT INTO BASE_DICT
	(DICT_ID, DICT_KEY, DICT_VALUE, DICT_DESC)
	VALUES('ICA_DIST_PLAN_STATUS', '03', '已共享', '计划状态');
	INSERT INTO BASE_DICT
	(DICT_ID, DICT_KEY, DICT_VALUE, DICT_DESC)
	VALUES('ICA_REQ_FORE_STATUS', '3', '已确认', '需求预测状态');
	INSERT INTO BASE_DICT
	(DICT_ID, DICT_KEY, DICT_VALUE, DICT_DESC)
	VALUES('ICA_DIST_PERIOD', '21', '两周一次', '工商网配-配货周期 ');
	INSERT INTO BASE_DICT
	(DICT_ID, DICT_KEY, DICT_VALUE, DICT_DESC)
	VALUES('ICA_PACK_KIND', '4', '条盒硬盒', '工商网配包装形式');
	INSERT INTO BASE_DICT
	(DICT_ID, DICT_KEY, DICT_VALUE, DICT_DESC)
	VALUES('ICA_COM_TRANS_TYPE', '41', '公路航空联运', '运输方式');
	INSERT INTO BASE_DICT
	(DICT_ID, DICT_KEY, DICT_VALUE, DICT_DESC)
	VALUES('ICA_DIST_WARNING_LEVEL', '4', '无库存销量数据', '工商协同-应急补货预警-预警等级 ');
	INSERT INTO BASE_DICT
	(DICT_ID, DICT_KEY, DICT_VALUE, DICT_DESC)
	VALUES('ICA_DIST_PERIOD', '13', '一周三次', '工商网配-配货周期 ');
	INSERT INTO BASE_DICT
	(DICT_ID, DICT_KEY, DICT_VALUE, DICT_DESC)
	VALUES('ICA_DIST_WARNING_TYPE', '21', '需要尽快补货', '应急补货预警-预警类别');
	INSERT INTO BASE_DICT
	(DICT_ID, DICT_KEY, DICT_VALUE, DICT_DESC)
	VALUES('ICA_COM_ITEM_MARKET_STATE', '4', '稍紧', 'ICA_COM_SALE_LINE市场状态');
	INSERT INTO BASE_DICT
	(DICT_ID, DICT_KEY, DICT_VALUE, DICT_DESC)
	VALUES('ICA_REQ_FORE_STATUS', '1', '已计算', '需求预测状态');
	INSERT INTO BASE_DICT
	(DICT_ID, DICT_KEY, DICT_VALUE, DICT_DESC)
	VALUES('ICA_DIST_PLAN_STATUS', '06', '已上报', '计划状态');
	INSERT INTO BASE_DICT
	(DICT_ID, DICT_KEY, DICT_VALUE, DICT_DESC)
	VALUES('ICA_PACK_KIND', '6', '铁盒', '工商网配包装形式');
	INSERT INTO BASE_DICT
	(DICT_ID, DICT_KEY, DICT_VALUE, DICT_DESC)
	VALUES('ICA_CONTRACT_REC_TYPE', '2', '汇票', '结算方式');
	INSERT INTO BASE_DICT
	(DICT_ID, DICT_KEY, DICT_VALUE, DICT_DESC)
	VALUES('ICA_DIST_PLAN_EXEC_TYPE', '1', '生成新合同', '配货计划-补货方式');
	INSERT INTO BASE_DICT
	(DICT_ID, DICT_KEY, DICT_VALUE, DICT_DESC)
	VALUES('ICA_TAX_IS_USE_TMP', '1', '使用', '是否使用');
	INSERT INTO BASE_DICT
	(DICT_ID, DICT_KEY, DICT_VALUE, DICT_DESC)
	VALUES('ICA_COM_ITEM_REGULATE_TYPE', 'TX', '停销', 'ICA_COM_SALE_LINE 调控类型');
	INSERT INTO BASE_DICT
	(DICT_ID, DICT_KEY, DICT_VALUE, DICT_DESC)
	VALUES('ICA_SPEC', '其他', '其他', '工商网配规格');
	INSERT INTO BASE_DICT
	(DICT_ID, DICT_KEY, DICT_VALUE, DICT_DESC)
	VALUES('ICA_PACK_KIND', '5', '塑盒', '工商网配包装形式');
	INSERT INTO BASE_DICT
	(DICT_ID, DICT_KEY, DICT_VALUE, DICT_DESC)
	VALUES('ICA_SPEC', '84软包', '84软包', '工商网配规格');
	INSERT INTO BASE_DICT
	(DICT_ID, DICT_KEY, DICT_VALUE, DICT_DESC)
	VALUES('ICA_DIST_WARNING_TYPE', '13', '已无协议量', '应急补货预警-预警类别');
	INSERT INTO BASE_DICT
	(DICT_ID, DICT_KEY, DICT_VALUE, DICT_DESC)
	VALUES('ICA_DIST_FAIL_CODE', '02', '7日内无进销存数据', '错误代码');
	INSERT INTO BASE_DICT
	(DICT_ID, DICT_KEY, DICT_VALUE, DICT_DESC)
	VALUES('ICA_DIST_WARNING_LEVEL', '5', '三级（上限）预警', '工商协同-应急补货预警-预警等级 ');
	INSERT INTO BASE_DICT
	(DICT_ID, DICT_KEY, DICT_VALUE, DICT_DESC)
	VALUES('ICA_COM_ITEM_MARKET_STATE', '2', '稍松', 'ICA_COM_SALE_LINE市场状态');
	INSERT INTO BASE_DICT
	(DICT_ID, DICT_KEY, DICT_VALUE, DICT_DESC)
	VALUES('ICA_COMITEM_TACTIC_TYPE', '31', '完全满足', '策略类型');
	INSERT INTO BASE_DICT
	(DICT_ID, DICT_KEY, DICT_VALUE, DICT_DESC)
	VALUES('ICA_COM_ITEM_REGULATE_TYPE', 'TD', '停调', 'ICA_COM_SALE_LINE 调控类型');
	INSERT INTO BASE_DICT
	(DICT_ID, DICT_KEY, DICT_VALUE, DICT_DESC)
	VALUES('ICA_COM_ITEM_MARKET_STATE', '3', '平衡', 'ICA_COM_SALE_LINE市场状态');
	INSERT INTO BASE_DICT
	(DICT_ID, DICT_KEY, DICT_VALUE, DICT_DESC)
	VALUES('ICA_DIST_PLAN_EXEC_TYPE', '3', '提前执行合同+生成新合同', '配货计划-补货方式');
	INSERT INTO BASE_DICT
	(DICT_ID, DICT_KEY, DICT_VALUE, DICT_DESC)
	VALUES('ICA_SPEC', '84软盒', '84软盒', '工商网配规格');
	INSERT INTO BASE_DICT
	(DICT_ID, DICT_KEY, DICT_VALUE, DICT_DESC)
	VALUES('ICA_REQ_FORE_STATUS', '0', '未计算', NULL);
	INSERT INTO BASE_DICT
	(DICT_ID, DICT_KEY, DICT_VALUE, DICT_DESC)
	VALUES('ICA_SUPPLY_WAY', '11', '选点定量（北京）', NULL);
	INSERT INTO BASE_DICT
	(DICT_ID, DICT_KEY, DICT_VALUE, DICT_DESC)
	VALUES('ICA_DIST_WARNING_TYPE', '12', '有在途卷烟', '应急补货预警-预警类别');
	INSERT INTO BASE_DICT
	(DICT_ID, DICT_KEY, DICT_VALUE, DICT_DESC)
	VALUES('ICA_DIST_PLAN_STATUS', '07', '部分审核有未通过', '计划状态');
	INSERT INTO BASE_DICT
	(DICT_ID, DICT_KEY, DICT_VALUE, DICT_DESC)
	VALUES('ICA_COM_TRANS_TYPE', '16', '汽运集装箱', '运输方式');
	INSERT INTO BASE_DICT
	(DICT_ID, DICT_KEY, DICT_VALUE, DICT_DESC)
	VALUES('ICA_DIST_WARNING_TYPE', '11', '必须马上补货', '应急补货预警-预警类别');
	INSERT INTO BASE_DICT
	(DICT_ID, DICT_KEY, DICT_VALUE, DICT_DESC)
	VALUES('ICA_SPEC', '74软盒', '74软盒', '工商网配规格');
	INSERT INTO BASE_DICT
	(DICT_ID, DICT_KEY, DICT_VALUE, DICT_DESC)
	VALUES('ICA_CONTRACT_STATUS', '01', '未挂单', '合同状态');
	INSERT INTO BASE_DICT
	(DICT_ID, DICT_KEY, DICT_VALUE, DICT_DESC)
	VALUES('ICA_COM_COM_TYPE', '04', '不重要商业公司', '商业公司等级');
	INSERT INTO BASE_DICT
	(DICT_ID, DICT_KEY, DICT_VALUE, DICT_DESC)
	VALUES('ICA_COM_TRANS_TYPE', '31', '航空快运', '运输方式');
	INSERT INTO BASE_DICT
	(DICT_ID, DICT_KEY, DICT_VALUE, DICT_DESC)
	VALUES('ICA_DIST_WARNING_TYPE', '14', '有库存无销量', '应急补货预警-预警类别');
	INSERT INTO BASE_DICT
	(DICT_ID, DICT_KEY, DICT_VALUE, DICT_DESC)
	VALUES('ICA_DIST_WARNING_STATUS', '0', '未处理', '应急补货预警-状态');
	INSERT INTO BASE_DICT
	(DICT_ID, DICT_KEY, DICT_VALUE, DICT_DESC)
	VALUES('ICA_DIST_PERIOD', '15', '一周五次', '工商网配-配货周期 ');
	INSERT INTO BASE_DICT
	(DICT_ID, DICT_KEY, DICT_VALUE, DICT_DESC)
	VALUES('ICA_PRODUCT_TYPE', '20', '混合型', '工商网配烟型');
	INSERT INTO BASE_DICT
	(DICT_ID, DICT_KEY, DICT_VALUE, DICT_DESC)
	VALUES('ICA_DIST_PERIOD', '14', '一周四次', '工商网配-配货周期 ');
	INSERT INTO BASE_DICT
	(DICT_ID, DICT_KEY, DICT_VALUE, DICT_DESC)
	VALUES('ICA_CONTRACT_REC_TYPE', '4', '汇票或托收', '结算方式');
	INSERT INTO BASE_DICT
	(DICT_ID, DICT_KEY, DICT_VALUE, DICT_DESC)
	VALUES('ICA_COM_OWN_TYPE', '1', '短期租用', '使用类型(运输类型表)');
	INSERT INTO BASE_DICT
	(DICT_ID, DICT_KEY, DICT_VALUE, DICT_DESC)
	VALUES('ICA_PRODUCT_TYPE', '10', '烤烟型', '工商网配烟型');
	INSERT INTO BASE_DICT
	(DICT_ID, DICT_KEY, DICT_VALUE, DICT_DESC)
	VALUES('ICA_COM_IS_IMPORTED', '0', '省内', '省内省外');
	INSERT INTO BASE_DICT
	(DICT_ID, DICT_KEY, DICT_VALUE, DICT_DESC)
	VALUES('ICA_PRODUCT_TYPE', '40', '雪茄型', '工商网配烟型');
	INSERT INTO BASE_DICT
	(DICT_ID, DICT_KEY, DICT_VALUE, DICT_DESC)
	VALUES('ICA_COM_OWN_TYPE', '0', '自有', '使用类型(运输类型表)');
	INSERT INTO BASE_DICT
	(DICT_ID, DICT_KEY, DICT_VALUE, DICT_DESC)
	VALUES('ICA_REQ_WEEK_STATUS', 'N', '未制定', '商业周需求状态');
	INSERT INTO BASE_DICT
	(DICT_ID, DICT_KEY, DICT_VALUE, DICT_DESC)
	VALUES('ICA_SPEC', '84全包', '84全包', '工商网配规格');
	INSERT INTO BASE_DICT
	(DICT_ID, DICT_KEY, DICT_VALUE, DICT_DESC)
	VALUES('ICA_DIST_PLAN_STATUS', '01', '已计算', '计划状态');
	INSERT INTO BASE_DICT
	(DICT_ID, DICT_KEY, DICT_VALUE, DICT_DESC)
	VALUES('ICA_CONTRACT_STATUS', '02', '已挂单', '合同状态');
	INSERT INTO BASE_DICT
	(DICT_ID, DICT_KEY, DICT_VALUE, DICT_DESC)
	VALUES('ICA_COMITEM_TACTIC_TYPE', '10', '新品货源', '策略类型');
	INSERT INTO BASE_DICT
	(DICT_ID, DICT_KEY, DICT_VALUE, DICT_DESC)
	VALUES('ICA_SUPPLY_WAY', '25', '价位段投放（北京）', NULL);
	INSERT INTO BASE_DICT
	(DICT_ID, DICT_KEY, DICT_VALUE, DICT_DESC)
	VALUES('ICA_IS_USE', '1', '使用', '工商网配卷烟使用状态');
	INSERT INTO BASE_DICT
	(DICT_ID, DICT_KEY, DICT_VALUE, DICT_DESC)
	VALUES('ICA_DIST_PLAN_TYPE', '03', '实时配货', '配货类型');
	INSERT INTO BASE_DICT
	(DICT_ID, DICT_KEY, DICT_VALUE, DICT_DESC)
	VALUES('ICA_COM_ITEM_REGULATE_TYPE', 'XD', '限调', 'ICA_COM_SALE_LINE 调控类型');
	INSERT INTO BASE_DICT
	(DICT_ID, DICT_KEY, DICT_VALUE, DICT_DESC)
	VALUES('ICA_PUB_ISORNOT', '0', '否', '是否');
	INSERT INTO BASE_DICT
	(DICT_ID, DICT_KEY, DICT_VALUE, DICT_DESC)
	VALUES('ICA_COM_ITEM_MARKET_STATE', '1', '松', 'ICA_COM_SALE_LINE市场状态');
	INSERT INTO BASE_DICT
	(DICT_ID, DICT_KEY, DICT_VALUE, DICT_DESC)
	VALUES('ICA_CONTRACT_REC_TYPE', '5', '托收承付验单汇款', '结算方式');
	INSERT INTO BASE_DICT
	(DICT_ID, DICT_KEY, DICT_VALUE, DICT_DESC)
	VALUES('ICA_DIST_PLAN_TYPE', '04', '按天配货', '配货类型');
	INSERT INTO BASE_DICT
	(DICT_ID, DICT_KEY, DICT_VALUE, DICT_DESC)
	VALUES('ICA_COM_TRANS_TYPE', '22', '铁路快运', '运输方式');
	INSERT INTO BASE_DICT
	(DICT_ID, DICT_KEY, DICT_VALUE, DICT_DESC)
	VALUES('ICA_SPEC', '100硬盒', '100硬盒', '工商网配规格');
	INSERT INTO BASE_DICT
	(DICT_ID, DICT_KEY, DICT_VALUE, DICT_DESC)
	VALUES('ICA_SUPPLY_WAY', '33', '一档一策（北京）', NULL);
	INSERT INTO BASE_DICT
	(DICT_ID, DICT_KEY, DICT_VALUE, DICT_DESC)
	VALUES('ICA_DOWNLOAD_STATUS', '02', '成功', '同步状态');
	INSERT INTO BASE_DICT
	(DICT_ID, DICT_KEY, DICT_VALUE, DICT_DESC)
	VALUES('ICA_DIST_WARNING_DEAL_RESULT', '0', '无需应急补货', '应急补货预警-处理结果');
	INSERT INTO BASE_DICT
	(DICT_ID, DICT_KEY, DICT_VALUE, DICT_DESC)
	VALUES('ICA_PACK_KIND', '8', '其他', '工商网配包装形式');
	INSERT INTO BASE_DICT
	(DICT_ID, DICT_KEY, DICT_VALUE, DICT_DESC)
	VALUES('ICA_DIST_PLAN_TYPE', '02', '应急补货', '配货类型');
	INSERT INTO BASE_DICT
	(DICT_ID, DICT_KEY, DICT_VALUE, DICT_DESC)
	VALUES('ICA_COM_ITEM_REGULATE_TYPE', 'ZC', '正常', 'ICA_COM_SALE_LINE 调控类型');
	INSERT INTO BASE_DICT
	(DICT_ID, DICT_KEY, DICT_VALUE, DICT_DESC)
	VALUES('ICA_IS_USE', '0', '停用', '工商网配卷烟使用状态');
	INSERT INTO BASE_DICT
	(DICT_ID, DICT_KEY, DICT_VALUE, DICT_DESC)
	VALUES('ICA_TAX_IS_USE_TMP', '0', '停用', '是否使用');
	INSERT INTO BASE_DICT
	(DICT_ID, DICT_KEY, DICT_VALUE, DICT_DESC)
	VALUES('ICA_COM_IS_IMPORTED', '1', '省外', '省内省外');
	INSERT INTO BASE_DICT
	(DICT_ID, DICT_KEY, DICT_VALUE, DICT_DESC)
	VALUES('ICA_PRODUCT_TYPE', '50', '雪茄烟', '工商网配烟型');
	INSERT INTO BASE_DICT
	(DICT_ID, DICT_KEY, DICT_VALUE, DICT_DESC)
	VALUES('ICA_DIST_PERIOD', '12', '一周两次', '工商网配-配货周期 ');
	INSERT INTO BASE_DICT
	(DICT_ID, DICT_KEY, DICT_VALUE, DICT_DESC)
	VALUES('ICA_BRAND_ID_NAME', '01', '中华', '工商网配品牌系列枚举');


-- PUB_COMMON_HELP
	INSERT INTO PUB_COMMON_HELP
	(HELP_ID, HELP_TABLE, HELP_TITLE, ROOT_NAME, LEVEL_FIELD, CODE_FIELD, IS_EQUAL_LEN, DETAIL_FIELD, FILIATION_FIELD, CODE_STRU, ID_FIELD, SHORT_FIELD, NAME_FIELD, SHOW_FIELD, RETURN_FIELD, HELP_WHERE, IS_DETAILSEL, IS_MULTSEL, IS_INDVL, SHOW_NAME, HELP_NOTE, HELP_STYLE, DATASOURCE, HELP_INTERCEPTOR)
	VALUES('ICA_ITEM_HELP', 'ICA_ITEM', '工商网配商品帮助', NULL, NULL, 'ITEM_ID', NULL, NULL, NULL, NULL, 'ITEM_ID', NULL, 'ITEM_NAME', 'ITEM_ID,ITEM_NAME', 'ITEM_ID,ITEM_NAME,PACK_BAR,BOX_BAR,BIGBOX_BAR', ' 1=1 AND @WHERE@', '0', '1', '0', 'ITEM_ID#卷烟编码#100,ITEM_NAME#卷烟名称#150', NULL, NULL, NULL, NULL);
	INSERT INTO PUB_COMMON_HELP
	(HELP_ID, HELP_TABLE, HELP_TITLE, ROOT_NAME, LEVEL_FIELD, CODE_FIELD, IS_EQUAL_LEN, DETAIL_FIELD, FILIATION_FIELD, CODE_STRU, ID_FIELD, SHORT_FIELD, NAME_FIELD, SHOW_FIELD, RETURN_FIELD, HELP_WHERE, IS_DETAILSEL, IS_MULTSEL, IS_INDVL, SHOW_NAME, HELP_NOTE, HELP_STYLE, DATASOURCE, HELP_INTERCEPTOR)
	VALUES('ICA_TAX_ID_HELP', 'ICA_TAX', '工商网配税率帮助', NULL, NULL, 'TAX_ID', NULL, NULL, NULL, NULL, 'TAX_ID', NULL, 'TAX_NAME', 'TAX_ID,TAX_NAME,TAX_RATE', 'TAX_ID,TAX_NAME,TAX_RATE', ' 1=1 AND @WHERE@', '0', '1', '0', 'TAX_NAME#名称#150,TAX_RATE#税率#100', NULL, NULL, NULL, NULL);
	INSERT INTO PUB_COMMON_HELP
	(HELP_ID, HELP_TABLE, HELP_TITLE, ROOT_NAME, LEVEL_FIELD, CODE_FIELD, IS_EQUAL_LEN, DETAIL_FIELD, FILIATION_FIELD, CODE_STRU, ID_FIELD, SHORT_FIELD, NAME_FIELD, SHOW_FIELD, RETURN_FIELD, HELP_WHERE, IS_DETAILSEL, IS_MULTSEL, IS_INDVL, SHOW_NAME, HELP_NOTE, HELP_STYLE, DATASOURCE, HELP_INTERCEPTOR)
	VALUES('ICA_ITEM_GRADE_HELP', 'ICA_ITEM_GRADE', '工商网配牌号帮助', NULL, NULL, 'GRADE_ID', NULL, NULL, NULL, NULL, 'GRADE_ID', NULL, 'GRADE_NAME', 'GRADE_ID,GRADE_NAME', 'GRADE_ID,GRADE_NAME', '@WHERE@', '0', '1', '0', 'GRADE_ID#牌号编码#100,GRADE_NAME#牌号名称#150', NULL, NULL, NULL, NULL);

