INSERT INTO PUB_COMMON_HELP
(HELP_ID, HELP_TABLE, HELP_TITLE, ROOT_NAME, LEVEL_FIELD, CODE_FIELD, IS_EQUAL_LEN, DETAIL_FIELD, FILIATION_FIELD, CODE_STRU, ID_FIELD, SHORT_FIELD, NAME_FIELD, SHOW_FIELD, RETURN_FIELD, HELP_WHERE, IS_DETAILSEL, IS_MULTSEL, IS_INDVL, SHOW_NAME, HELP_NOTE, HELP_STYLE, DATASOURCE, HELP_INTERCEPTOR)
VALUES('IMR_ITEM_HELP', 'SCMR_ITEM_BASE', '数据洞察分析商品帮助', NULL, NULL, 'PACK_BAR', NULL, NULL, NULL, NULL, 'PACK_BAR', NULL, 'ITEM_NAME', 'PACK_BAR,ITEM_NAME', 'PACK_BAR,ITEM_NAME', ' 1=1 AND @WHERE@', '0', '1', '0', 'PACK_BAR#卷烟条形码#100,ITEM_NAME#卷烟名称#150', NULL, NULL, NULL, NULL);

INSERT INTO BASE_DICT
(DICT_ID, DICT_KEY, DICT_VALUE, DICT_DESC)
VALUES('IMR_TACTIC_TYPE_ENUM', '10', '新品', '策略类型');
INSERT INTO BASE_DICT
(DICT_ID, DICT_KEY, DICT_VALUE, DICT_DESC)
VALUES('IMR_TACTIC_TYPE_ENUM', '20', '紧俏货源', '策略类型');
INSERT INTO BASE_DICT
(DICT_ID, DICT_KEY, DICT_VALUE, DICT_DESC)
VALUES('IMR_TACTIC_TYPE_ENUM', '31', '完全满足', '策略类型');
INSERT INTO BASE_DICT
(DICT_ID, DICT_KEY, DICT_VALUE, DICT_DESC)
VALUES('IMR_TACTIC_TYPE_ENUM', '32', '均衡满足', '策略类型');

INSERT INTO BASE_DICT
(DICT_ID, DICT_KEY, DICT_VALUE, DICT_DESC)
VALUES('IMR_SUPPLY_WAY_ENUM', '10', '选点限量', '投放方式');
INSERT INTO BASE_DICT
(DICT_ID, DICT_KEY, DICT_VALUE, DICT_DESC)
VALUES('IMR_SUPPLY_WAY_ENUM', '20', '类别限量', '投放方式');
INSERT INTO BASE_DICT
(DICT_ID, DICT_KEY, DICT_VALUE, DICT_DESC)
VALUES('IMR_SUPPLY_WAY_ENUM', '30', '统一上限', '投放方式');
INSERT INTO BASE_DICT
(DICT_ID, DICT_KEY, DICT_VALUE, DICT_DESC)
VALUES('IMR_SUPPLY_WAY_ENUM', '40', '分配供应', '投放方式');

--修改uri
INSERT INTO PUB_APPS
(APP_CODE, APP_NAME, TRANSPORT, SERVER_HOST, PORT, CONTEXT, URI, SEQ, NOTE, APP_URL, ICON, TARGET)
VALUES('imr', '工业营销监管', 'http', '10.110.1.208', '80', 'imr', 'http://10.110.1.208:80/imr', 99, NULL, '', '', NULL);

INSERT INTO PUB_MODULES
(MODULE_CODE, MODULE_NAME, PARENT_MODULE_CODE, IS_LEAF_MODULE, APP_CODE, MODULE_PATH, MODULE_PATH_NAME, SEQ, IS_MENU, URL, ICON, TARGET)
VALUES('imr_pc', '数据洞察分析', '-1', '1', 'imr', 'imr_pc', '数据洞察分析', 0, '1', '', '', NULL);

INSERT INTO PUB_FUNCTIONS
(FUNCTION_CODE, FUNCTION_NAME, MODULE_CODE, SEQ, ORGAN_TYPE, IS_MENU, URL, ICON, F_TYPE, TARGET, CP_MENU_ID, DESCRIPTION, STRU_TYPE)
VALUES('imr_pc_order', '商业订单需求分析', 'imr_pc', 1, '26', '1', '/pc/imrNeedsAnalysisCmd.cmd?method=forItem', '', '0', NULL, 1001, NULL, '00');
INSERT INTO PUB_FUNCTIONS
(FUNCTION_CODE, FUNCTION_NAME, MODULE_CODE, SEQ, ORGAN_TYPE, IS_MENU, URL, ICON, F_TYPE, TARGET, CP_MENU_ID, DESCRIPTION, STRU_TYPE)
VALUES('imr_pc_supply', '货源投放分析', 'imr_pc', 0, '6701', '1', '/pc/supply.cmd?method=supplyanalysis', '', '0', NULL, 1001, NULL, '11');
INSERT INTO PUB_FUNCTIONS
(FUNCTION_CODE, FUNCTION_NAME, MODULE_CODE, SEQ, ORGAN_TYPE, IS_MENU, URL, ICON, F_TYPE, TARGET, CP_MENU_ID, DESCRIPTION, STRU_TYPE)
VALUES('imr_pc_market', '市场状态分析', 'imr_pc', 4, '6701', '1', '/pc/comitemweeksale.cmd?method=comItemWeekSale', '', '0', NULL, 1001, NULL, '11');
INSERT INTO PUB_FUNCTIONS
(FUNCTION_CODE, FUNCTION_NAME, MODULE_CODE, SEQ, ORGAN_TYPE, IS_MENU, URL, ICON, F_TYPE, TARGET, CP_MENU_ID, DESCRIPTION, STRU_TYPE)
VALUES('imr_pc_stock', '商业库存分析', 'imr_pc', 2, '6701', '1', '/pc/stock.cmd?method=stockAnalysis', '', '0', NULL, 1001, NULL, '11');

INSERT INTO PUB_OPERATIONS
(OPERATION_CODE, OPERATION_NAME, FUNCTION_CODE, OPERATION_TYPE_CODE, IS_DEFAULT, SEQ)
VALUES('imr_pc_order_area', '分区域订单需求情况', 'imr_pc_order', '00', '0', 1);
INSERT INTO PUB_OPERATIONS
(OPERATION_CODE, OPERATION_NAME, FUNCTION_CODE, OPERATION_TYPE_CODE, IS_DEFAULT, SEQ)
VALUES('imr_comitemsale', '市场状态分析', 'imr_pc_market', '00', '1', 0);
INSERT INTO PUB_OPERATIONS
(OPERATION_CODE, OPERATION_NAME, FUNCTION_CODE, OPERATION_TYPE_CODE, IS_DEFAULT, SEQ)
VALUES('imr_pc_orderQ', '商业订单需求分析', 'imr_pc_order', '00', '1', 0);
INSERT INTO PUB_OPERATIONS
(OPERATION_CODE, OPERATION_NAME, FUNCTION_CODE, OPERATION_TYPE_CODE, IS_DEFAULT, SEQ)
VALUES('imr_pc_order_trend', '趋势分析-全国', 'imr_pc_order', '00', '0', 2);
INSERT INTO PUB_OPERATIONS
(OPERATION_CODE, OPERATION_NAME, FUNCTION_CODE, OPERATION_TYPE_CODE, IS_DEFAULT, SEQ)
VALUES('imr_stockanalysis', '库存分析查询', 'imr_pc_stock', '00', '1', 0);
INSERT INTO PUB_OPERATIONS
(OPERATION_CODE, OPERATION_NAME, FUNCTION_CODE, OPERATION_TYPE_CODE, IS_DEFAULT, SEQ)
VALUES('imr_pc_supplyQ', '查询', 'imr_pc_supply', '00', '1', 0);


INSERT INTO PUB_URLS
(URL_CODE, URL_NAME, URL_CONTENT, OPERATION_CODE, FUNCTION_CODE, ACCESS_TYPE, NOTE, SEQ)
VALUES('ee8150572681270157269322320005', 'imr_pc_order_trend', '/pc/imrNeedsAnalysisCmd.cmd?method=forTrend', 'imr_pc_order_trend', 'imr_pc_order', 'http', NULL, 0);
INSERT INTO PUB_URLS
(URL_CODE, URL_NAME, URL_CONTENT, OPERATION_CODE, FUNCTION_CODE, ACCESS_TYPE, NOTE, SEQ)
VALUES('ee81505726812701574bf44b13000d', '库存分析查询', '/pc/stock.cmd?method=stockAnalysis', 'imr_stockanalysis', 'imr_pc_stock', 'http', NULL, 0);
INSERT INTO PUB_URLS
(URL_CODE, URL_NAME, URL_CONTENT, OPERATION_CODE, FUNCTION_CODE, ACCESS_TYPE, NOTE, SEQ)
VALUES('ee8150572681270157268c80410003', '分区域订单需求情况', '/pc/imrNeedsAnalysisCmd.cmd?method=forArea', 'imr_pc_order_area', 'imr_pc_order', 'http', NULL, 0);
INSERT INTO PUB_URLS
(URL_CODE, URL_NAME, URL_CONTENT, OPERATION_CODE, FUNCTION_CODE, ACCESS_TYPE, NOTE, SEQ)
VALUES('ee81505726812701573b379aee0009', '市场状态分析', '/pc/comitemweeksale.cmd?method=comItemWeekSale', 'imr_comitemsale', 'imr_pc_market', 'http', NULL, 0);
INSERT INTO PUB_URLS
(URL_CODE, URL_NAME, URL_CONTENT, OPERATION_CODE, FUNCTION_CODE, ACCESS_TYPE, NOTE, SEQ)
VALUES('ee81505726812701574bfbb227000e', '查询', '/pc/supply.cmd?method=supplyanalysis', 'imr_pc_supplyQ', 'imr_pc_supply', 'http', NULL, 0);
INSERT INTO PUB_URLS
(URL_CODE, URL_NAME, URL_CONTENT, OPERATION_CODE, FUNCTION_CODE, ACCESS_TYPE, NOTE, SEQ)
VALUES('ee8150572681270157268ae7b70001', '商业订单需求分析', '/pc/imrNeedsAnalysisCmd.cmd?method=forItem', 'imr_pc_orderQ', 'imr_pc_order', 'http', NULL, 0);
